idx,rank,player,war
1,1,Walter Johnson,16.0
1,2,Babe Ruth,14.1
1,3,Dwight Gooden,13.2
1,4,Pete Alexander,12.8
1,5,Cy Young,12.6
1,6,Steve Carlton,12.5
1,7,Carl Yastrzemski,12.4
1,8,Ed Walsh,12.2
1,9,Roger Clemens,12.2
1,10,Rogers Hornsby,12.1
1,11,Hal Newhouser,12.0
1,12,Fergie Jenkins,11.9
1,13,Bob Gibson,11.9
1,14,Barry Bonds,11.9
1,15,Lou Gehrig,11.8
1,16,Pedro Martinez,11.7
1,17,Joe Wood,11.7
1,18,Wilbur Wood,11.7
1,19,Joe McGinnity,11.6
1,20,Eddie Cicotte,11.5
1,21,Russ Ford,11.5
1,22,Honus Wagner,11.5
1,23,Cal Ripken,11.5
1,24,Ty Cobb,11.3
1,25,Mickey Mantle,11.3
1,26,Red Faber,11.3
1,27,Willie Mays,11.2
1,28,Christy Mathewson,11.2
1,29,Gaylord Perry,11.2
1,30,Dizzy Trout,11.1
1,31,Stan Musial,11.1
1,32,Lefty Grove,11.1
1,33,Tom Seaver,11.0
1,34,Jack Chesbro,11.0
1,35,Wes Ferrell,11.0
1,36,Joe Morgan,10.9
1,37,Randy Johnson,10.9
1,38,Ted Williams,10.9
1,39,Dolf Luque,10.8
1,40,Mike Trout,10.8
1,41,Sandy Koufax,10.7
1,42,Rube Waddell,10.5
1,43,Robin Yount,10.5
1,44,Juan Marichal,10.5
1,45,Jimmie Foxx,10.5
1,46,Eddie Collins,10.5
1,47,Dazzy Vance,10.4
1,48,Phil Niekro,10.4
1,49,Zack Greinke,10.4
1,50,Lou Boudreau,10.4
1,51,Alex Rodriguez,10.4
1,52,Sammy Sosa,10.3
1,53,Ernie Banks,10.2
1,54,Dick Ellsworth,10.2
1,55,Jose Rijo,10.2
1,56,Jack Taylor,10.2
1,57,Jack Coombs,10.1
1,58,Al Rosen,10.1
1,59,Tris Speaker,10.1
1,60,Rico Petrocelli,10.0
1,61,Nap Lajoie,10.0
1,62,Bob Feller,9.9
1,63,Bryce Harper,9.9
1,64,Carl Hubbell,9.9
1,65,Rickey Henderson,9.9
1,66,Bert Blyleven,9.9
1,67,George Sisler,9.9
1,68,Robin Roberts,9.8
1,69,Larry Walker,9.8
1,70,Ron Santo,9.8
1,71,Bucky Walters,9.8
1,72,Bret Saberhagen,9.7
1,73,Stan Coveleski,9.7
1,74,Greg Maddux,9.7
1,75,Albert Pujols,9.7
1,76,Rod Carew,9.7
1,77,Mike Schmidt,9.7
1,78,Ken Griffey,9.7
1,79,Jackie Robinson,9.7
1,80,Mark Fidrych,9.6
1,81,Rick Reuschel,9.6
1,82,Bobby Shantz,9.6
1,83,Joe Jackson,9.6
1,84,Ron Guidry,9.6
1,85,Adrian Beltre,9.5
1,86,Ewell Blackwell,9.5
1,87,Warren Spahn,9.5
1,88,George Brett,9.4
1,89,Teddy Higuera,9.4
1,90,George McQuillan,9.4
1,91,Hank Aaron,9.4
1,92,Lefty Gomez,9.4
1,93,Terry Turner,9.4
1,94,Craig Biggio,9.4
1,95,Harry Heilmann,9.3
1,96,Dean Chance,9.3
1,97,Duke Snider,9.3
1,98,Dutch Leonard,9.3
1,99,Tom Glavine,9.3
1,100,Frank Baker,9.3
2,1,Walter Johnson,30.6
2,2,Babe Ruth,27.0
2,3,Pete Alexander,24.5
2,4,Barry Bonds,23.6
2,5,Ed Walsh,23.6
2,6,Bob Gibson,23.2
2,7,Rogers Hornsby,22.9
2,8,Carl Yastrzemski,22.9
2,9,Roger Clemens,22.7
2,10,Steve Carlton,22.7
2,11,Cy Young,22.7
2,12,Mickey Mantle,22.5
2,13,Wilbur Wood,22.3
2,14,Willie Mays,22.2
2,15,Lou Gehrig,22.2
2,16,Ty Cobb,22.0
2,17,Tom Seaver,22.0
2,18,Honus Wagner,21.6
2,19,Cal Ripken,21.5
2,20,Hal Newhouser,21.5
2,21,Ted Williams,21.5
2,22,Pedro Martinez,21.4
2,23,Christy Mathewson,21.4
2,24,Joe McGinnity,21.4
2,25,Lefty Grove,21.2
2,26,Eddie Cicotte,21.1
2,27,Sandy Koufax,21.0
2,28,Randy Johnson,20.9
2,29,Red Faber,20.9
2,30,Rube Waddell,20.8
2,31,Joe Morgan,20.6
2,32,Dazzy Vance,20.5
2,33,Stan Musial,20.5
2,34,Zack Greinke,20.3
2,35,Juan Marichal,20.3
2,36,Eddie Collins,20.2
2,37,Mike Trout,20.1
2,38,Wes Ferrell,20.1
2,39,Tris Speaker,20.0
2,40,Nap Lajoie,19.9
2,41,Bob Feller,19.8
2,42,Rickey Henderson,19.8
2,43,Gaylord Perry,19.8
2,44,Alex Rodriguez,19.8
2,45,Fergie Jenkins,19.8
2,46,Jimmie Foxx,19.7
2,47,Ernie Banks,19.6
2,48,Phil Niekro,19.3
2,49,Jackie Robinson,19.3
2,50,Greg Maddux,19.2
2,51,Dwight Gooden,19.0
2,52,Albert Pujols,18.9
2,53,Robin Roberts,18.9
2,54,Carl Hubbell,18.8
2,55,Ken Griffey,18.8
2,56,Dizzy Trout,18.8
2,57,Joe Jackson,18.7
2,58,Ron Santo,18.7
2,59,George Sisler,18.6
2,60,Warren Spahn,18.6
2,61,Mike Schmidt,18.5
2,62,Russ Ford,18.5
2,63,Hank Aaron,18.5
2,64,Stan Coveleski,18.4
2,65,Lou Boudreau,18.3
2,66,Joe Wood,18.1
2,67,George Brett,18.0
2,68,Duke Snider,17.9
2,69,Arky Vaughan,17.8
2,70,Bert Blyleven,17.8
2,71,Robin Yount,17.7
2,72,Bret Saberhagen,17.7
2,73,Larry Walker,17.6
2,74,Lefty Gomez,17.6
2,75,Rod Carew,17.5
2,76,Jim Bagby,17.5
2,77,Curt Schilling,17.5
2,78,Wade Boggs,17.4
2,79,Dick Allen,17.4
2,80,Kevin Appier,17.3
2,81,Dolf Luque,17.3
2,82,Adrian Beltre,17.3
2,83,Jim Bunning,17.3
2,84,Nap Rucker,17.3
2,85,Ben Zobrist,17.3
2,86,Joe DiMaggio,17.2
2,87,Vic Willis,17.2
2,88,Chase Utley,17.2
2,89,Roy Halladay,17.2
2,90,Snuffy Stirnweiss,17.2
2,91,Frank Baker,17.2
2,92,Roberto Clemente,17.1
2,93,Todd Helton,17.1
2,94,Kevin Brown,17.1
2,95,Mordecai Brown,17.0
2,96,Reggie Jackson,17.0
2,97,Jason Giambi,16.9
2,98,Ichiro Suzuki,16.8
2,99,Teddy Higuera,16.8
2,100,Mel Ott,16.8
3,1,Walter Johnson,43.6
3,2,Babe Ruth,39.3
3,3,Pete Alexander,35.3
3,4,Barry Bonds,34.2
3,5,Ed Walsh,34.1
3,6,Bob Gibson,33.3
3,7,Rogers Hornsby,33.3
3,8,Mickey Mantle,33.0
3,9,Willie Mays,32.9
3,10,Cy Young,32.7
3,11,Ty Cobb,32.5
3,12,Carl Yastrzemski,32.4
3,13,Roger Clemens,32.2
3,14,Ted Williams,32.1
3,15,Lou Gehrig,31.8
3,16,Christy Mathewson,31.6
3,17,Honus Wagner,31.0
3,18,Lefty Grove,30.8
3,19,Tom Seaver,30.4
3,20,Joe McGinnity,30.4
3,21,Pedro Martinez,30.4
3,22,Randy Johnson,30.2
3,23,Hal Newhouser,30.0
3,24,Steve Carlton,30.0
3,25,Rube Waddell,30.0
3,26,Wilbur Wood,29.9
3,27,Joe Morgan,29.8
3,28,Stan Musial,29.8
3,29,Bob Feller,29.7
3,30,Cal Ripken,29.6
3,31,Sandy Koufax,29.6
3,32,Eddie Collins,29.5
3,33,Mike Trout,29.4
3,34,Alex Rodriguez,29.2
3,35,Tris Speaker,29.0
3,36,Jimmie Foxx,28.7
3,37,Rickey Henderson,28.6
3,38,Nap Lajoie,28.5
3,39,Juan Marichal,28.4
3,40,Eddie Cicotte,28.3
3,41,Dazzy Vance,28.3
3,42,Wes Ferrell,28.1
3,43,Greg Maddux,27.8
3,44,Ernie Banks,27.7
3,45,Jackie Robinson,27.7
3,46,Gaylord Perry,27.7
3,47,Albert Pujols,27.7
3,48,Ron Santo,27.6
3,49,Ken Griffey,27.5
3,50,Robin Roberts,27.5
3,51,Mike Schmidt,27.4
3,52,Phil Niekro,27.3
3,53,Hank Aaron,27.1
3,54,Fergie Jenkins,27.0
3,55,Stan Coveleski,26.7
3,56,Red Faber,26.6
3,57,Warren Spahn,26.6
3,58,Joe Jackson,26.4
3,59,George Brett,26.3
3,60,Lou Boudreau,26.3
3,61,Duke Snider,26.2
3,62,Carl Hubbell,26.1
3,63,Wade Boggs,25.8
3,64,Zack Greinke,25.7
3,65,Vic Willis,25.5
3,66,Arky Vaughan,25.4
3,67,Curt Schilling,25.4
3,68,Russ Ford,25.4
3,69,George Sisler,25.4
3,70,Joe DiMaggio,25.3
3,71,Roy Halladay,25.3
3,72,Jim Bunning,25.3
3,73,Roberto Clemente,25.2
3,74,Nap Rucker,25.1
3,75,Chase Utley,25.0
3,76,Bert Blyleven,25.0
3,77,Bret Saberhagen,25.0
3,78,Rod Carew,25.0
3,79,Dick Allen,24.9
3,80,Todd Helton,24.9
3,81,Robin Yount,24.8
3,82,Mel Ott,24.6
3,83,Adrian Beltre,24.6
3,84,Noodles Hahn,24.5
3,85,Ralph Kiner,24.5
3,86,Frank Baker,24.5
3,87,Eddie Mathews,24.5
3,88,Dizzy Trout,24.4
3,89,Robinson Cano,24.3
3,90,Frank Robinson,24.3
3,91,Kevin Brown,24.2
3,92,Mordecai Brown,24.2
3,93,Brooks Robinson,24.2
3,94,Al Kaline,24.1
3,95,Jason Giambi,24.0
3,96,Clayton Kershaw,23.9
3,97,Joe Wood,23.9
3,98,Josh Donaldson,23.9
3,99,Johnny Bench,23.8
3,100,Frankie Frisch,23.8
4,1,Walter Johnson,55.7
4,2,Babe Ruth,51.2
4,3,Pete Alexander,45.2
4,4,Barry Bonds,44.1
4,5,Rogers Hornsby,43.5
4,6,Willie Mays,43.5
4,7,Ed Walsh,43.2
4,8,Mickey Mantle,42.5
4,9,Cy Young,42.5
4,10,Ty Cobb,42.3
4,11,Ted Williams,41.9
4,12,Christy Mathewson,41.6
4,13,Lou Gehrig,41.1
4,14,Roger Clemens,41.1
4,15,Bob Gibson,41.1
4,16,Lefty Grove,40.3
4,17,Honus Wagner,40.1
4,18,Joe Morgan,39.1
4,19,Carl Yastrzemski,39.0
4,20,Randy Johnson,38.8
4,21,Stan Musial,38.8
4,22,Rube Waddell,38.8
4,23,Tom Seaver,38.7
4,24,Eddie Collins,38.6
4,25,Alex Rodriguez,38.5
4,26,Pedro Martinez,38.4
4,27,Joe McGinnity,38.0
4,28,Bob Feller,37.7
4,29,Tris Speaker,37.6
4,30,Mike Trout,37.3
4,31,Rickey Henderson,37.2
4,32,Cal Ripken,37.1
4,33,Steve Carlton,37.0
4,34,Sandy Koufax,37.0
4,35,Jimmie Foxx,37.0
4,36,Nap Lajoie,36.9
4,37,Hal Newhouser,36.6
4,38,Albert Pujols,36.3
4,39,Wes Ferrell,36.2
4,40,Juan Marichal,36.2
4,41,Robin Roberts,36.0
4,42,Hank Aaron,35.6
4,43,Greg Maddux,35.6
4,44,Ernie Banks,35.6
4,45,Wilbur Wood,35.5
4,46,Dazzy Vance,35.4
4,47,Mike Schmidt,35.4
4,48,Gaylord Perry,35.3
4,49,Phil Niekro,35.3
4,50,Ron Santo,35.2
4,51,Jackie Robinson,35.2
4,52,Ken Griffey,34.6
4,53,Fergie Jenkins,34.2
4,54,Wade Boggs,34.0
4,55,George Brett,33.9
4,56,Joe Jackson,33.9
4,57,Duke Snider,33.8
4,58,Lou Boudreau,33.7
4,59,Stan Coveleski,33.7
4,60,Warren Spahn,33.7
4,61,Eddie Cicotte,33.5
4,62,Carl Hubbell,33.3
4,63,Roy Halladay,32.7
4,64,Roberto Clemente,32.7
4,65,Joe DiMaggio,32.6
4,66,Arky Vaughan,32.4
4,67,Jim Bunning,32.3
4,68,Chase Utley,32.3
4,69,Eddie Mathews,32.3
4,70,Nap Rucker,32.3
4,71,Mel Ott,32.0
4,72,Frank Robinson,32.0
4,73,Rod Carew,31.9
4,74,Bert Blyleven,31.8
4,75,Curt Schilling,31.8
4,76,Vic Willis,31.6
4,77,Adrian Beltre,31.6
4,78,George Sisler,31.5
4,79,Dick Allen,31.3
4,80,Kevin Brown,31.2
4,81,Red Faber,31.2
4,82,Todd Helton,31.1
4,83,Clayton Kershaw,31.1
4,84,Noodles Hahn,31.0
4,85,Charlie Gehringer,31.0
4,86,Robinson Cano,31.0
4,87,Frank Baker,30.9
4,88,Zack Greinke,30.9
4,89,Bret Saberhagen,30.7
4,90,Robin Yount,30.7
4,91,Jeff Bagwell,30.7
4,92,Frankie Frisch,30.7
4,93,Al Kaline,30.7
4,94,Ralph Kiner,30.6
4,95,Eddie Plank,30.6
4,96,Johan Santana,30.5
4,97,Russ Ford,30.5
4,98,Johnny Bench,30.4
4,99,Ryne Sandberg,30.4
4,100,Brooks Robinson,30.2
5,1,Walter Johnson,67.3
5,2,Babe Ruth,62.9
5,3,Pete Alexander,54.1
5,4,Willie Mays,54.0
5,5,Barry Bonds,53.9
5,6,Rogers Hornsby,53.6
5,7,Ty Cobb,51.8
5,8,Ted Williams,51.6
5,9,Mickey Mantle,51.2
5,10,Cy Young,51.1
5,11,Ed Walsh,50.9
5,12,Christy Mathewson,50.7
5,13,Lou Gehrig,50.2
5,14,Roger Clemens,49.9
5,15,Lefty Grove,49.7
5,16,Honus Wagner,49.1
5,17,Bob Gibson,48.7
5,18,Joe Morgan,47.7
5,19,Stan Musial,47.6
5,20,Eddie Collins,47.5
5,21,Randy Johnson,47.4
5,22,Alex Rodriguez,47.3
5,23,Tris Speaker,46.1
5,24,Tom Seaver,45.9
5,25,Pedro Martinez,45.7
5,26,Jimmie Foxx,44.8
5,27,Nap Lajoie,44.8
5,28,Albert Pujols,44.8
5,29,Carl Yastrzemski,44.5
5,30,Rube Waddell,44.5
5,31,Rickey Henderson,44.1
5,32,Hank Aaron,44.1
5,33,Cal Ripken,43.8
5,34,Wes Ferrell,43.4
5,35,Robin Roberts,43.3
5,36,Mike Schmidt,43.2
5,37,Steve Carlton,43.2
5,38,Bob Feller,43.1
5,39,Hal Newhouser,43.0
5,40,Greg Maddux,42.7
5,41,Sandy Koufax,42.7
5,42,Juan Marichal,42.6
5,43,Jackie Robinson,42.2
5,44,Phil Niekro,42.2
5,45,Wade Boggs,42.0
5,46,Ernie Banks,42.0
5,47,Ron Santo,41.9
5,48,Gaylord Perry,41.8
5,49,Dazzy Vance,41.5
5,50,Ken Griffey,41.5
5,51,George Brett,41.4
5,52,Joe McGinnity,41.2
5,53,Joe Jackson,40.9
5,54,Wilbur Wood,40.9
5,55,Fergie Jenkins,40.8
5,56,Stan Coveleski,40.6
5,57,Warren Spahn,40.0
5,58,Roberto Clemente,39.9
5,59,Eddie Mathews,39.7
5,60,Duke Snider,39.7
5,61,Lou Boudreau,39.7
5,62,Roy Halladay,39.6
5,63,Chase Utley,39.5
5,64,Frank Robinson,39.5
5,65,Joe DiMaggio,39.5
5,66,Mel Ott,39.3
5,67,Arky Vaughan,39.0
5,68,Jim Bunning,39.0
5,69,Rod Carew,38.7
5,70,Bert Blyleven,38.4
5,71,Carl Hubbell,38.3
5,72,Charlie Gehringer,38.2
5,73,Nap Rucker,38.1
5,74,Mike Trout,37.9
5,75,Curt Schilling,37.9
5,76,Clayton Kershaw,37.8
5,77,Eddie Plank,37.6
5,78,Eddie Cicotte,37.5
5,79,Adrian Beltre,37.4
5,80,Kevin Brown,37.4
5,81,George Sisler,37.4
5,82,Todd Helton,37.4
5,83,Robinson Cano,37.4
5,84,Al Kaline,37.2
5,85,Jeff Bagwell,37.0
5,86,Dick Allen,36.7
5,87,Frank Baker,36.7
5,88,Harry Heilmann,36.6
5,89,Johnny Bench,36.5
5,90,Gary Carter,36.5
5,91,Robin Yount,36.5
5,92,Ryne Sandberg,36.4
5,93,Brooks Robinson,36.2
5,94,Ralph Kiner,36.2
5,95,Vic Willis,36.1
5,96,Zack Greinke,36.0
5,97,Hank Greenberg,36.0
5,98,Andruw Jones,35.9
5,99,Johnny Mize,35.9
5,100,Reggie Jackson,35.9
6,1,Walter Johnson,78.7
6,2,Babe Ruth,74.4
6,3,Willie Mays,64.2
6,4,Rogers Hornsby,63.6
6,5,Barry Bonds,63.5
6,6,Pete Alexander,62.5
6,7,Ty Cobb,61.0
6,8,Ted Williams,60.8
6,9,Lou Gehrig,59.0
6,10,Cy Young,59.0
6,11,Christy Mathewson,58.8
6,12,Lefty Grove,58.8
6,13,Roger Clemens,58.2
6,14,Mickey Mantle,58.1
6,15,Ed Walsh,57.5
6,16,Honus Wagner,57.3
6,17,Eddie Collins,56.3
6,18,Stan Musial,56.2
6,19,Alex Rodriguez,55.8
6,20,Randy Johnson,55.5
6,21,Bob Gibson,55.2
6,22,Tris Speaker,54.4
6,23,Joe Morgan,53.5
6,24,Albert Pujols,53.2
6,25,Tom Seaver,52.9
6,26,Nap Lajoie,52.7
6,27,Pedro Martinez,52.6
6,28,Jimmie Foxx,52.4
6,29,Hank Aaron,52.1
6,30,Mike Schmidt,50.9
6,31,Rickey Henderson,50.8
6,32,Cal Ripken,50.4
6,33,Carl Yastrzemski,50.0
6,34,Wes Ferrell,50.0
6,35,Robin Roberts,49.9
6,36,Greg Maddux,49.8
6,37,Wade Boggs,49.8
6,38,Steve Carlton,48.9
6,39,Phil Niekro,48.9
6,40,Hal Newhouser,48.7
6,41,Ron Santo,48.3
6,42,Bob Feller,48.2
6,43,Juan Marichal,48.2
6,44,Ken Griffey,48.1
6,45,Rube Waddell,48.0
6,46,Gaylord Perry,47.7
6,47,Jackie Robinson,47.5
6,48,George Brett,47.4
6,49,Ernie Banks,47.3
6,50,Roberto Clemente,47.1
6,51,Sandy Koufax,47.1
6,52,Stan Coveleski,47.1
6,53,Eddie Mathews,47.1
6,54,Joe Jackson,46.8
6,55,Fergie Jenkins,46.7
6,56,Dazzy Vance,46.6
6,57,Mel Ott,46.4
6,58,Frank Robinson,46.4
6,59,Warren Spahn,45.9
6,60,Roy Halladay,45.8
6,61,Joe DiMaggio,45.5
6,62,Arky Vaughan,45.4
6,63,Chase Utley,45.3
6,64,Duke Snider,44.9
6,65,Bert Blyleven,44.8
6,66,Charlie Gehringer,44.7
6,67,Wilbur Wood,44.6
6,68,Jim Bunning,44.4
6,69,Rod Carew,44.3
6,70,Lou Boudreau,44.2
6,71,Eddie Plank,44.2
6,72,Joe McGinnity,44.1
6,73,Curt Schilling,43.9
6,74,Clayton Kershaw,43.2
6,75,Adrian Beltre,43.2
6,76,Al Kaline,43.2
6,77,Carl Hubbell,43.2
6,78,Robinson Cano,43.0
6,79,George Sisler,43.0
6,80,Nap Rucker,42.9
6,81,Jeff Bagwell,42.8
6,82,Gary Carter,42.4
6,83,Johnny Mize,42.4
6,84,Ryne Sandberg,42.2
6,85,Robin Yount,42.2
6,86,Kevin Brown,42.1
6,87,Hank Greenberg,42.1
6,88,Johnny Bench,42.1
6,89,Dick Allen,42.0
6,90,Todd Helton,42.0
6,91,Harry Heilmann,42.0
6,92,Frank Baker,41.9
6,93,Jim Palmer,41.8
6,94,Andruw Jones,41.5
6,95,Reggie Jackson,41.5
6,96,Brooks Robinson,41.2
6,97,Eddie Cicotte,41.2
6,98,Chipper Jones,40.9
6,99,Bobby Grich,40.8
6,100,Ralph Kiner,40.7
7,1,Walter Johnson,89.5
7,2,Babe Ruth,84.9
7,3,Willie Mays,73.7
7,4,Rogers Hornsby,73.5
7,5,Barry Bonds,72.7
7,6,Pete Alexander,70.1
7,7,Ted Williams,69.2
7,8,Ty Cobb,69.0
7,9,Lou Gehrig,67.7
7,10,Christy Mathewson,66.6
7,11,Cy Young,66.6
7,12,Lefty Grove,66.5
7,13,Roger Clemens,66.3
7,14,Honus Wagner,65.4
7,15,Mickey Mantle,64.7
7,16,Eddie Collins,64.2
7,17,Alex Rodriguez,64.2
7,18,Stan Musial,64.2
7,19,Randy Johnson,63.5
7,20,Ed Walsh,62.2
7,21,Tris Speaker,62.1
7,22,Bob Gibson,61.6
7,23,Albert Pujols,61.6
7,24,Nap Lajoie,60.3
7,25,Hank Aaron,60.1
7,26,Tom Seaver,59.5
7,27,Jimmie Foxx,59.5
7,28,Joe Morgan,59.1
7,29,Pedro Martinez,59.1
7,30,Mike Schmidt,58.5
7,31,Rickey Henderson,57.4
7,32,Greg Maddux,56.5
7,33,Wade Boggs,56.2
7,34,Cal Ripken,56.1
7,35,Robin Roberts,55.7
7,36,Carl Yastrzemski,55.5
7,37,Phil Niekro,55.2
7,38,Wes Ferrell,54.9
7,39,Steve Carlton,54.4
7,40,Eddie Mathews,54.4
7,41,Roberto Clemente,54.3
7,42,Ken Griffey,53.9
7,43,Ron Santo,53.8
7,44,Gaylord Perry,53.5
7,45,Stan Coveleski,53.4
7,46,George Brett,53.2
7,47,Frank Robinson,52.9
7,48,Mel Ott,52.8
7,49,Hal Newhouser,52.8
7,50,Joe Jackson,52.5
7,51,Bob Feller,52.5
7,52,Juan Marichal,52.4
7,53,Fergie Jenkins,52.3
7,54,Jackie Robinson,52.1
7,55,Ernie Banks,51.9
7,56,Warren Spahn,51.8
7,57,Rube Waddell,51.5
7,58,Roy Halladay,51.3
7,59,Dazzy Vance,51.2
7,60,Joe DiMaggio,50.9
7,61,Bert Blyleven,50.9
7,62,Arky Vaughan,50.6
7,63,Eddie Plank,50.5
7,64,Charlie Gehringer,50.5
7,65,Duke Snider,50.0
7,66,Curt Schilling,49.8
7,67,Rod Carew,49.7
7,68,Jim Bunning,49.6
7,69,Sandy Koufax,49.2
7,70,Chase Utley,49.1
7,71,Adrian Beltre,48.8
7,72,Al Kaline,48.8
7,73,Johnny Mize,48.8
7,74,Lou Boudreau,48.7
7,75,George Sisler,48.3
7,76,Gary Carter,48.2
7,77,Jeff Bagwell,48.2
7,78,Jim Palmer,48.0
7,79,Clayton Kershaw,47.9
7,80,Hank Greenberg,47.7
7,81,Robinson Cano,47.5
7,82,Carl Hubbell,47.4
7,83,Robin Yount,47.2
7,84,Wilbur Wood,47.1
7,85,Harry Heilmann,47.1
7,86,Johnny Bench,47.1
7,87,Frank Baker,46.8
7,88,Ryne Sandberg,46.8
7,89,Reggie Jackson,46.8
7,90,Kevin Brown,46.7
7,91,Chipper Jones,46.6
7,92,Nap Rucker,46.6
7,93,Andruw Jones,46.4
7,94,Todd Helton,46.4
7,95,Joe McGinnity,46.3
7,96,Bobby Grich,46.3
7,97,Ken Boyer,46.3
7,98,Dick Allen,45.9
7,99,Joe Gordon,45.8
7,100,Brooks Robinson,45.8
8,1,Walter Johnson,100.2
8,2,Babe Ruth,95.3
8,3,Rogers Hornsby,83.1
8,4,Willie Mays,82.7
8,5,Barry Bonds,81.7
8,6,Ted Williams,77.0
8,7,Pete Alexander,76.9
8,8,Ty Cobb,76.4
8,9,Lou Gehrig,75.6
8,10,Christy Mathewson,74.4
8,11,Roger Clemens,74.3
8,12,Lefty Grove,73.9
8,13,Honus Wagner,73.0
8,14,Alex Rodriguez,72.5
8,15,Stan Musial,71.9
8,16,Eddie Collins,71.3
8,17,Mickey Mantle,71.2
8,18,Randy Johnson,70.3
8,19,Cy Young,69.9
8,20,Tris Speaker,69.8
8,21,Albert Pujols,69.1
8,22,Hank Aaron,68.1
8,23,Bob Gibson,67.6
8,24,Nap Lajoie,66.7
8,25,Jimmie Foxx,66.4
8,26,Tom Seaver,66.0
8,27,Mike Schmidt,65.9
8,28,Joe Morgan,64.8
8,29,Pedro Martinez,64.7
8,30,Rickey Henderson,63.7
8,31,Ed Walsh,63.7
8,32,Wade Boggs,62.4
8,33,Greg Maddux,62.3
8,34,Cal Ripken,61.6
8,35,Eddie Mathews,61.6
8,36,Phil Niekro,60.8
8,37,Roberto Clemente,60.6
8,38,Carl Yastrzemski,60.6
8,39,Robin Roberts,60.3
8,40,Wes Ferrell,59.8
8,41,Ken Griffey,59.4
8,42,Steve Carlton,59.3
8,43,Mel Ott,59.3
8,44,Gaylord Perry,59.1
8,45,Frank Robinson,59.1
8,46,Ron Santo,58.7
8,47,George Brett,58.5
8,48,Stan Coveleski,57.9
8,49,Warren Spahn,57.7
8,50,Fergie Jenkins,57.5
8,51,Joe Jackson,57.1
8,52,Bert Blyleven,57.0
8,53,Eddie Plank,56.9
8,54,Roy Halladay,56.5
8,55,Joe DiMaggio,56.2
8,56,Bob Feller,55.9
8,57,Jackie Robinson,55.7
8,58,Arky Vaughan,55.7
8,59,Charlie Gehringer,55.6
8,60,Curt Schilling,55.4
8,61,Ernie Banks,55.3
8,62,Juan Marichal,55.3
8,63,Hal Newhouser,55.1
8,64,Dazzy Vance,55.0
8,65,Johnny Mize,54.8
8,66,Rod Carew,54.7
8,67,Duke Snider,54.5
8,68,Rube Waddell,54.4
8,69,Adrian Beltre,54.4
8,70,Al Kaline,54.4
8,71,Gary Carter,53.6
8,72,Jeff Bagwell,53.5
8,73,Jim Bunning,53.5
8,74,Lou Boudreau,52.9
8,75,Jim Palmer,52.8
8,76,Chase Utley,52.8
8,77,Chipper Jones,52.3
8,78,Robin Yount,52.1
8,79,Johnny Bench,52.0
8,80,Reggie Jackson,51.9
8,81,Harry Heilmann,51.7
8,82,Carl Hubbell,51.6
8,83,Ken Boyer,51.4
8,84,Frank Baker,51.4
8,85,Andruw Jones,51.3
8,86,Hank Greenberg,51.1
8,87,George Sisler,51.1
8,88,Kevin Brown,51.0
8,89,Robinson Cano,50.9
8,90,Sandy Koufax,50.7
8,91,Bobby Grich,50.6
8,92,Frank Thomas,50.5
8,93,Ryne Sandberg,50.5
8,94,Al Simmons,50.3
8,95,Brooks Robinson,50.3
8,96,Joe Gordon,49.9
8,97,Pete Rose,49.8
8,98,Mike Mussina,49.8
8,99,Urban Shocker,49.7
8,100,Todd Helton,49.7
9,1,Walter Johnson,109.0
9,2,Babe Ruth,105.6
9,3,Rogers Hornsby,91.9
9,4,Willie Mays,91.7
9,5,Barry Bonds,89.8
9,6,Ted Williams,84.2
9,7,Pete Alexander,83.3
9,8,Lou Gehrig,83.3
9,9,Ty Cobb,83.2
9,10,Roger Clemens,82.1
9,11,Christy Mathewson,81.8
9,12,Lefty Grove,81.1
9,13,Honus Wagner,80.3
9,14,Alex Rodriguez,80.1
9,15,Stan Musial,79.2
9,16,Eddie Collins,77.8
9,17,Mickey Mantle,77.5
9,18,Tris Speaker,76.9
9,19,Randy Johnson,76.1
9,20,Hank Aaron,75.9
9,21,Albert Pujols,75.7
9,22,Mike Schmidt,72.9
9,23,Bob Gibson,72.6
9,24,Cy Young,72.3
9,25,Jimmie Foxx,72.3
9,26,Tom Seaver,72.1
9,27,Nap Lajoie,72.1
9,28,Rickey Henderson,70.0
9,29,Joe Morgan,69.8
9,30,Pedro Martinez,69.8
9,31,Eddie Mathews,68.1
9,32,Greg Maddux,68.0
9,33,Wade Boggs,66.9
9,34,Cal Ripken,66.3
9,35,Roberto Clemente,66.1
9,36,Phil Niekro,66.0
9,37,Carl Yastrzemski,65.6
9,38,Mel Ott,65.5
9,39,Ed Walsh,65.0
9,40,Frank Robinson,64.9
9,41,Ken Griffey,64.6
9,42,Gaylord Perry,64.6
9,43,Robin Roberts,64.1
9,44,George Brett,63.7
9,45,Steve Carlton,63.7
9,46,Warren Spahn,63.3
9,47,Wes Ferrell,63.2
9,48,Ron Santo,62.9
9,49,Bert Blyleven,62.8
9,50,Eddie Plank,62.4
9,51,Stan Coveleski,61.7
9,52,Fergie Jenkins,61.5
9,53,Joe DiMaggio,61.3
9,54,Curt Schilling,60.6
9,55,Joe Jackson,60.6
9,56,Charlie Gehringer,60.5
9,57,Arky Vaughan,60.2
9,58,Johnny Mize,60.2
9,59,Roy Halladay,60.2
9,60,Al Kaline,59.9
9,61,Adrian Beltre,59.8
9,62,Rod Carew,59.3
9,63,Bob Feller,59.1
9,64,Jackie Robinson,58.9
9,65,Dazzy Vance,58.4
9,66,Ernie Banks,58.4
9,67,Jeff Bagwell,58.4
9,68,Duke Snider,58.2
9,69,Juan Marichal,58.1
9,70,Gary Carter,57.4
9,71,Hal Newhouser,57.3
9,72,Jim Bunning,57.2
9,73,Jim Palmer,57.2
9,74,Rube Waddell,57.0
9,75,Johnny Bench,56.8
9,76,Lou Boudreau,56.7
9,77,Chipper Jones,56.7
9,78,Reggie Jackson,56.7
9,79,Chase Utley,56.4
9,80,Harry Heilmann,55.7
9,81,Carl Hubbell,55.5
9,82,Robin Yount,55.4
9,83,Frank Baker,55.4
9,84,Kevin Brown,55.0
9,85,Ken Boyer,55.0
9,86,Al Simmons,54.8
9,87,Mike Mussina,54.8
9,88,Frank Thomas,54.8
9,89,Bobby Grich,54.7
9,90,Miguel Cabrera,54.7
9,91,Andruw Jones,54.6
9,92,Pete Rose,54.6
9,93,Brooks Robinson,54.4
9,94,Don Drysdale,54.3
9,95,Hank Greenberg,54.1
9,96,Robinson Cano,54.1
9,97,Edgar Martinez,54.0
9,98,Ryne Sandberg,53.9
9,99,Luke Appling,53.9
9,100,Larry Walker,53.7
10,1,Walter Johnson,117.0
10,2,Babe Ruth,115.8
10,3,Willie Mays,100.4
10,4,Rogers Hornsby,98.6
10,5,Barry Bonds,97.9
10,6,Ted Williams,91.1
10,7,Lou Gehrig,90.9
10,8,Ty Cobb,89.8
10,9,Pete Alexander,89.7
10,10,Roger Clemens,89.2
10,11,Christy Mathewson,88.7
10,12,Lefty Grove,88.1
10,13,Honus Wagner,87.4
10,14,Alex Rodriguez,86.9
10,15,Stan Musial,86.2
10,16,Eddie Collins,84.1
10,17,Tris Speaker,83.8
10,18,Hank Aaron,83.7
10,19,Mickey Mantle,83.5
10,20,Randy Johnson,81.9
10,21,Albert Pujols,81.2
10,22,Mike Schmidt,79.7
10,23,Tom Seaver,77.7
10,24,Jimmie Foxx,77.5
10,25,Nap Lajoie,77.4
10,26,Bob Gibson,77.2
10,27,Rickey Henderson,76.0
10,28,Joe Morgan,74.9
10,29,Pedro Martinez,74.4
10,30,Cy Young,74.4
10,31,Eddie Mathews,73.8
10,32,Greg Maddux,73.3
10,33,Roberto Clemente,71.4
10,34,Mel Ott,71.2
10,35,Wade Boggs,71.2
10,36,Phil Niekro,70.9
10,37,Cal Ripken,70.3
10,38,Frank Robinson,70.3
10,39,Gaylord Perry,69.9
10,40,Carl Yastrzemski,69.7
10,41,Ken Griffey,69.6
10,42,Warren Spahn,68.9
10,43,Bert Blyleven,68.4
10,44,George Brett,68.0
10,45,Steve Carlton,68.0
10,46,Eddie Plank,67.7
10,47,Robin Roberts,67.7
10,48,Joe DiMaggio,66.2
10,49,Ron Santo,66.0
10,50,Ed Walsh,65.5
10,51,Curt Schilling,65.5
10,52,Al Kaline,65.3
10,53,Fergie Jenkins,65.2
10,54,Charlie Gehringer,65.2
10,55,Johnny Mize,65.0
10,56,Arky Vaughan,64.7
10,57,Wes Ferrell,64.0
10,58,Stan Coveleski,63.9
10,59,Adrian Beltre,63.7
10,60,Jeff Bagwell,63.2
10,61,Roy Halladay,63.2
10,62,Rod Carew,62.8
10,63,Joe Jackson,61.9
10,64,Jim Palmer,61.5
10,65,Jackie Robinson,61.5
10,66,Johnny Bench,61.4
10,67,Ernie Banks,61.2
10,68,Bob Feller,61.2
10,69,Reggie Jackson,61.1
10,70,Gary Carter,60.9
10,71,Dazzy Vance,60.9
10,72,Chipper Jones,60.7
10,73,Duke Snider,60.5
10,74,Jim Bunning,60.3
10,75,Juan Marichal,60.3
10,76,Lou Boudreau,59.8
10,77,Mike Mussina,59.8
10,78,Harry Heilmann,59.4
10,79,Pete Rose,59.4
10,80,Chase Utley,59.4
10,81,Al Simmons,59.0
10,82,Frank Baker,59.0
10,83,Hal Newhouser,58.9
10,84,Carl Hubbell,58.8
10,85,Don Drysdale,58.8
10,86,Edgar Martinez,58.8
10,87,Robin Yount,58.7
10,88,Kevin Brown,58.7
10,89,Luke Appling,58.6
10,90,Brooks Robinson,58.5
10,91,Bobby Grich,58.4
10,92,Frank Thomas,58.3
10,93,Miguel Cabrera,58.1
10,94,Larry Walker,58.0
10,95,Andruw Jones,57.8
10,96,Ken Boyer,57.5
10,97,Luis Tiant,57.3
10,98,Ozzie Smith,57.3
10,99,Ryne Sandberg,57.3
10,100,Scott Rolen,57.2
11,1,Babe Ruth,125.9
11,2,Walter Johnson,124.4
11,3,Willie Mays,108.7
11,4,Barry Bonds,105.9
11,5,Rogers Hornsby,105.3
11,6,Ted Williams,97.8
11,7,Lou Gehrig,97.8
11,8,Ty Cobb,96.5
11,9,Roger Clemens,95.3
11,10,Pete Alexander,95.1
11,11,Lefty Grove,95.1
11,12,Christy Mathewson,94.8
11,13,Honus Wagner,94.0
11,14,Alex Rodriguez,92.5
11,15,Stan Musial,92.2
11,16,Hank Aaron,91.0
11,17,Tris Speaker,90.2
11,18,Eddie Collins,89.3
11,19,Mickey Mantle,88.8
11,20,Randy Johnson,87.4
11,21,Albert Pujols,86.4
11,22,Mike Schmidt,85.9
11,23,Tom Seaver,83.2
11,24,Nap Lajoie,82.5
11,25,Jimmie Foxx,82.2
11,26,Rickey Henderson,81.7
11,27,Bob Gibson,81.4
11,28,Eddie Mathews,79.4
11,29,Joe Morgan,78.6
11,30,Greg Maddux,78.4
11,31,Pedro Martinez,78.4
11,32,Mel Ott,76.8
11,33,Roberto Clemente,76.2
11,34,Phil Niekro,75.6
11,35,Frank Robinson,75.3
11,36,Wade Boggs,75.3
11,37,Cy Young,75.2
11,38,Gaylord Perry,75.1
11,39,Warren Spahn,74.5
11,40,Cal Ripken,74.3
11,41,Carl Yastrzemski,73.7
11,42,Bert Blyleven,73.5
11,43,Ken Griffey,73.3
11,44,Eddie Plank,72.8
11,45,Steve Carlton,72.2
11,46,George Brett,72.1
11,47,Robin Roberts,71.3
11,48,Joe DiMaggio,70.8
11,49,Curt Schilling,70.4
11,50,Al Kaline,69.7
11,51,Charlie Gehringer,69.7
11,52,Ron Santo,69.0
11,53,Fergie Jenkins,68.8
11,54,Arky Vaughan,68.5
11,55,Jeff Bagwell,67.9
11,56,Adrian Beltre,67.4
11,57,Johnny Mize,67.4
11,58,Stan Coveleski,66.1
11,59,Ed Walsh,65.9
11,60,Johnny Bench,65.8
11,61,Rod Carew,65.8
11,62,Roy Halladay,65.8
11,63,Chipper Jones,64.7
11,64,Reggie Jackson,64.6
11,65,Wes Ferrell,64.6
11,66,Mike Mussina,64.4
11,67,Gary Carter,64.2
11,68,Jim Palmer,63.7
11,69,Ernie Banks,63.6
11,70,Pete Rose,63.5
11,71,Jim Bunning,63.4
11,72,Bob Feller,63.2
11,73,Harry Heilmann,63.1
11,74,Duke Snider,62.8
11,75,Joe Jackson,62.8
11,76,Luke Appling,62.8
11,77,Don Drysdale,62.6
11,78,Brooks Robinson,62.4
11,79,Juan Marichal,62.1
11,80,Edgar Martinez,62.1
11,81,Al Simmons,62.0
11,82,Dazzy Vance,62.0
11,83,Carl Hubbell,61.9
11,84,Kevin Brown,61.8
11,85,Bobby Grich,61.8
11,86,Robin Yount,61.8
11,87,Chase Utley,61.7
11,88,Jackie Robinson,61.5
11,89,Frank Thomas,61.4
11,90,Larry Walker,61.4
11,91,Frank Baker,61.4
11,92,Miguel Cabrera,61.4
11,93,Scott Rolen,61.3
11,94,Lou Boudreau,61.2
11,95,Ozzie Smith,61.0
11,96,Andruw Jones,60.8
11,97,Tom Glavine,60.7
11,98,Carlos Beltran,60.7
11,99,Alan Trammell,60.5
11,100,Richie Ashburn,60.5
12,1,Babe Ruth,134.6
12,2,Walter Johnson,131.3
12,3,Willie Mays,116.5
12,4,Barry Bonds,113.8
12,5,Rogers Hornsby,110.7
12,6,Lou Gehrig,104.6
12,7,Ted Williams,104.2
12,8,Ty Cobb,103.1
12,9,Roger Clemens,101.0
12,10,Lefty Grove,100.5
12,11,Pete Alexander,100.3
12,12,Honus Wagner,99.6
12,13,Christy Mathewson,99.2
12,14,Stan Musial,98.3
12,15,Hank Aaron,98.3
12,16,Alex Rodriguez,97.2
12,17,Tris Speaker,96.7
12,18,Eddie Collins,94.4
12,19,Mickey Mantle,93.5
12,20,Mike Schmidt,92.0
12,21,Albert Pujols,91.2
12,22,Randy Johnson,90.6
12,23,Tom Seaver,88.2
12,24,Jimmie Foxx,86.8
12,25,Rickey Henderson,86.7
12,26,Nap Lajoie,85.6
12,27,Bob Gibson,84.8
12,28,Eddie Mathews,84.8
12,29,Greg Maddux,83.0
12,30,Mel Ott,82.3
12,31,Joe Morgan,82.2
12,32,Pedro Martinez,81.4
12,33,Roberto Clemente,80.6
12,34,Frank Robinson,80.1
12,35,Phil Niekro,79.9
12,36,Warren Spahn,79.7
12,37,Gaylord Perry,79.4
12,38,Wade Boggs,79.2
12,39,Bert Blyleven,78.5
12,40,Cal Ripken,78.2
12,41,Carl Yastrzemski,77.6
12,42,Eddie Plank,77.4
12,43,Ken Griffey,76.5
12,44,Steve Carlton,76.1
12,45,George Brett,76.1
12,46,Cy Young,75.2
12,47,Joe DiMaggio,75.2
12,48,Robin Roberts,74.6
12,49,Curt Schilling,74.4
12,50,Charlie Gehringer,73.7
12,51,Al Kaline,73.0
12,52,Fergie Jenkins,72.4
12,53,Jeff Bagwell,72.0
12,54,Ron Santo,71.2
12,55,Adrian Beltre,71.0
12,56,Arky Vaughan,70.9
12,57,Johnny Bench,69.9
12,58,Johnny Mize,69.4
12,59,Mike Mussina,69.0
12,60,Chipper Jones,68.6
12,61,Rod Carew,68.5
12,62,Roy Halladay,68.1
12,63,Reggie Jackson,68.1
12,64,Pete Rose,67.5
12,65,Stan Coveleski,66.3
12,66,Ed Walsh,66.2
12,67,Luke Appling,66.2
12,68,Ernie Banks,66.0
12,69,Gary Carter,66.0
12,70,Brooks Robinson,65.9
12,71,Jim Palmer,65.9
12,72,Don Drysdale,65.8
12,73,Harry Heilmann,65.8
12,74,Edgar Martinez,65.1
12,75,Bob Feller,64.9
12,76,Jim Bunning,64.9
12,77,Carl Hubbell,64.9
12,78,Larry Walker,64.8
12,79,Wes Ferrell,64.8
12,80,Scott Rolen,64.8
12,81,Bobby Grich,64.7
12,82,Robin Yount,64.7
12,83,Ozzie Smith,64.6
12,84,Kevin Brown,64.6
12,85,Al Simmons,64.6
12,86,Paul Waner,64.4
12,87,Duke Snider,64.3
12,88,Frank Thomas,64.3
12,89,Tom Glavine,64.2
12,90,Miguel Cabrera,64.1
12,91,Juan Marichal,63.9
12,92,Alan Trammell,63.8
12,93,Carlos Beltran,63.6
12,94,Ryne Sandberg,63.6
12,95,Barry Larkin,63.2
12,96,Sam Crawford,63.2
12,97,Dazzy Vance,63.1
12,98,Nolan Ryan,62.9
12,99,Rick Reuschel,62.8
12,100,Joe Jackson,62.8
13,1,Babe Ruth,142.9
13,2,Walter Johnson,136.9
13,3,Willie Mays,124.1
13,4,Barry Bonds,121.5
13,5,Rogers Hornsby,116.0
13,6,Ted Williams,110.2
13,7,Ty Cobb,109.3
13,8,Lou Gehrig,108.9
13,9,Roger Clemens,106.6
13,10,Lefty Grove,105.6
13,11,Hank Aaron,105.4
13,12,Pete Alexander,105.2
13,13,Honus Wagner,104.8
13,14,Stan Musial,103.9
13,15,Tris Speaker,103.0
13,16,Christy Mathewson,102.5
13,17,Alex Rodriguez,101.7
13,18,Eddie Collins,99.5
13,19,Mike Schmidt,98.1
13,20,Mickey Mantle,97.4
13,21,Albert Pujols,95.1
13,22,Randy Johnson,93.6
13,23,Tom Seaver,93.0
13,24,Rickey Henderson,91.4
13,25,Jimmie Foxx,91.1
13,26,Eddie Mathews,89.4
13,27,Nap Lajoie,88.3
13,28,Mel Ott,87.6
13,29,Bob Gibson,87.5
13,30,Greg Maddux,87.1
13,31,Joe Morgan,85.8
13,32,Frank Robinson,84.9
13,33,Roberto Clemente,84.5
13,34,Warren Spahn,84.4
13,35,Phil Niekro,83.9
13,36,Pedro Martinez,83.8
13,37,Bert Blyleven,83.0
13,38,Gaylord Perry,82.6
13,39,Wade Boggs,82.6
13,40,Cal Ripken,82.0
13,41,Carl Yastrzemski,81.2
13,42,Eddie Plank,80.9
13,43,Ken Griffey,79.8
13,44,George Brett,79.4
13,45,Steve Carlton,79.0
13,46,Joe DiMaggio,78.1
13,47,Robin Roberts,77.9
13,48,Charlie Gehringer,77.5
13,49,Curt Schilling,77.0
13,50,Al Kaline,76.2
13,51,Fergie Jenkins,75.8
13,52,Jeff Bagwell,75.6
13,53,Cy Young,75.2
13,54,Adrian Beltre,74.3
13,55,Johnny Bench,73.2
13,56,Mike Mussina,72.6
13,57,Arky Vaughan,72.4
13,58,Ron Santo,72.2
13,59,Chipper Jones,72.1
13,60,Reggie Jackson,71.2
13,61,Rod Carew,71.1
13,62,Pete Rose,70.9
13,63,Johnny Mize,70.3
13,64,Brooks Robinson,69.4
13,65,Roy Halladay,69.0
13,66,Luke Appling,68.9
13,67,Harry Heilmann,68.4
13,68,Ernie Banks,67.9
13,69,Ozzie Smith,67.9
13,70,Edgar Martinez,67.7
13,71,Don Drysdale,67.7
13,72,Jim Palmer,67.6
13,73,Larry Walker,67.6
13,74,Tom Glavine,67.4
13,75,Gary Carter,67.3
13,76,Robin Yount,67.1
13,77,Carl Hubbell,67.1
13,78,Kevin Brown,66.8
13,79,Alan Trammell,66.8
13,80,Paul Waner,66.6
13,81,Bobby Grich,66.6
13,82,Frank Thomas,66.6
13,83,Bob Feller,66.6
13,84,Scott Rolen,66.6
13,85,Sam Crawford,66.5
13,86,Stan Coveleski,66.4
13,87,Ed Walsh,66.3
13,88,Al Simmons,66.1
13,89,Ryne Sandberg,65.9
13,90,Carlos Beltran,65.9
13,91,Jim Bunning,65.9
13,92,Barry Larkin,65.8
13,93,Rick Reuschel,65.7
13,94,Nolan Ryan,65.6
13,95,Duke Snider,65.5
13,96,Juan Marichal,65.3
13,97,Frankie Frisch,65.0
13,98,Wes Ferrell,64.9
13,99,Luis Tiant,64.9
13,100,Richie Ashburn,64.8
14,1,Babe Ruth,151.0
14,2,Walter Johnson,142.4
14,3,Willie Mays,130.4
14,4,Barry Bonds,129.0
14,5,Rogers Hornsby,120.8
14,6,Ty Cobb,115.1
14,7,Ted Williams,114.2
14,8,Hank Aaron,112.2
14,9,Roger Clemens,112.1
14,10,Lou Gehrig,112.0
14,11,Pete Alexander,109.8
14,12,Stan Musial,109.1
14,13,Tris Speaker,109.0
14,14,Lefty Grove,108.4
14,15,Honus Wagner,108.4
14,16,Alex Rodriguez,105.8
14,17,Eddie Collins,104.5
14,18,Christy Mathewson,103.8
14,19,Mike Schmidt,103.1
14,20,Mickey Mantle,101.0
14,21,Albert Pujols,98.2
14,22,Tom Seaver,97.4
14,23,Rickey Henderson,95.9
14,24,Randy Johnson,95.9
14,25,Jimmie Foxx,94.8
14,26,Mel Ott,92.7
14,27,Eddie Mathews,92.1
14,28,Greg Maddux,91.0
14,29,Nap Lajoie,89.9
14,30,Frank Robinson,89.6
14,31,Bob Gibson,89.3
14,32,Joe Morgan,89.2
14,33,Warren Spahn,89.1
14,34,Roberto Clemente,88.4
14,35,Phil Niekro,87.3
14,36,Bert Blyleven,87.3
14,37,Wade Boggs,85.7
14,38,Cal Ripken,85.7
14,39,Gaylord Perry,85.6
14,40,Pedro Martinez,84.8
14,41,Carl Yastrzemski,84.2
14,42,Eddie Plank,83.9
14,43,George Brett,82.2
14,44,Steve Carlton,81.9
14,45,Ken Griffey,81.7
14,46,Robin Roberts,81.0
14,47,Al Kaline,79.5
14,48,Jeff Bagwell,79.3
14,49,Charlie Gehringer,79.3
14,50,Curt Schilling,79.2
14,51,Fergie Jenkins,78.9
14,52,Joe DiMaggio,78.1
14,53,Adrian Beltre,77.6
14,54,Mike Mussina,76.0
14,55,Cy Young,75.2
14,56,Chipper Jones,74.9
14,57,Johnny Bench,74.4
14,58,Pete Rose,73.9
14,59,Rod Carew,73.5
14,60,Reggie Jackson,73.4
14,61,Arky Vaughan,72.9
14,62,Brooks Robinson,72.9
14,63,Ron Santo,72.2
14,64,Ozzie Smith,71.0
14,65,Luke Appling,70.8
14,66,Johnny Mize,70.8
14,67,Harry Heilmann,70.5
14,68,Tom Glavine,70.3
14,69,Larry Walker,69.9
14,70,Sam Crawford,69.7
14,71,Alan Trammell,69.6
14,72,Roy Halladay,69.4
14,73,Robin Yount,69.2
14,74,Carl Hubbell,69.2
14,75,Jim Palmer,69.0
14,76,Frank Thomas,68.9
14,77,Rick Reuschel,68.5
14,78,Gary Carter,68.5
14,79,Kevin Brown,68.5
14,80,Ernie Banks,68.4
14,81,Bobby Grich,68.4
14,82,Paul Waner,68.4
14,83,Edgar Martinez,68.2
14,84,Nolan Ryan,68.2
14,85,Scott Rolen,68.1
14,86,Bob Feller,68.1
14,87,Don Drysdale,67.7
14,88,Derek Jeter,67.6
14,89,Frankie Frisch,67.5
14,90,Al Simmons,67.4
14,91,Barry Larkin,67.3
14,92,Roberto Alomar,67.0
14,93,Luis Tiant,66.9
14,94,Ryne Sandberg,66.9
14,95,Carlos Beltran,66.8
14,96,Paul Molitor,66.8
14,97,Duke Snider,66.8
14,98,Jim Bunning,66.7
14,99,Manny Ramirez,66.7
14,100,Stan Coveleski,66.4
15,1,Babe Ruth,158.4
15,2,Walter Johnson,147.7
15,3,Willie Mays,136.6
15,4,Barry Bonds,135.2
15,5,Rogers Hornsby,125.3
15,6,Ty Cobb,120.7
15,7,Hank Aaron,119.0
15,8,Ted Williams,118.1
15,9,Roger Clemens,116.6
15,10,Tris Speaker,114.5
15,11,Pete Alexander,113.9
15,12,Stan Musial,113.7
15,13,Lou Gehrig,112.4
15,14,Honus Wagner,111.3
15,15,Lefty Grove,110.5
15,16,Alex Rodriguez,110.0
15,17,Eddie Collins,109.0
15,18,Mike Schmidt,105.0
15,19,Christy Mathewson,104.1
15,20,Mickey Mantle,103.9
15,21,Tom Seaver,101.4
15,22,Albert Pujols,99.7
15,23,Rickey Henderson,99.5
15,24,Randy Johnson,98.2
15,25,Mel Ott,97.4
15,26,Jimmie Foxx,96.3
15,27,Greg Maddux,94.7
15,28,Eddie Mathews,94.4
15,29,Frank Robinson,93.9
15,30,Warren Spahn,93.4
15,31,Joe Morgan,92.4
15,32,Roberto Clemente,91.2
15,33,Bob Gibson,90.8
15,34,Bert Blyleven,90.7
15,35,Phil Niekro,90.5
15,36,Nap Lajoie,90.0
15,37,Cal Ripken,88.9
15,38,Gaylord Perry,88.2
15,39,Wade Boggs,87.9
15,40,Carl Yastrzemski,87.0
15,41,Eddie Plank,86.8
15,42,Pedro Martinez,85.6
15,43,George Brett,84.8
15,44,Steve Carlton,84.5
15,45,Robin Roberts,84.0
15,46,Ken Griffey,82.9
15,47,Al Kaline,82.5
15,48,Fergie Jenkins,82.0
15,49,Adrian Beltre,80.8
15,50,Curt Schilling,80.5
15,51,Charlie Gehringer,80.0
15,52,Jeff Bagwell,79.6
15,53,Mike Mussina,78.4
15,54,Joe DiMaggio,78.1
15,55,Chipper Jones,77.6
15,56,Pete Rose,76.8
15,57,Rod Carew,75.8
15,58,Brooks Robinson,75.7
15,59,Johnny Bench,75.5
15,60,Cy Young,75.2
15,61,Reggie Jackson,74.6
15,62,Ozzie Smith,73.1
15,63,Arky Vaughan,72.9
15,64,Tom Glavine,72.9
15,65,Harry Heilmann,72.5
15,66,Sam Crawford,72.5
15,67,Luke Appling,72.5
15,68,Ron Santo,72.2
15,69,Larry Walker,71.5
15,70,Robin Yount,71.1
15,71,Frank Thomas,71.1
15,72,Johnny Mize,71.0
15,73,Nolan Ryan,70.7
15,74,Alan Trammell,70.6
15,75,Jim Palmer,70.1
15,76,Kevin Brown,70.1
15,77,Carl Hubbell,69.9
15,78,Rick Reuschel,69.9
15,79,Bobby Grich,69.8
15,80,Derek Jeter,69.8
15,81,Scott Rolen,69.7
15,82,Paul Waner,69.6
15,83,Gary Carter,69.5
15,84,Paul Molitor,69.5
15,85,Roy Halladay,69.4
15,86,Bob Feller,69.2
15,87,Lou Whitaker,69.1
15,88,Frankie Frisch,69.1
15,89,Luis Tiant,68.8
15,90,Ernie Banks,68.8
15,91,Al Simmons,68.6
15,92,Edgar Martinez,68.5
15,93,Barry Larkin,68.5
15,94,Jim Thome,68.4
15,95,Manny Ramirez,68.3
15,96,Rafael Palmeiro,67.8
15,97,Don Drysdale,67.7
15,98,Ted Lyons,67.7
15,99,Carlos Beltran,67.7
15,100,Ryne Sandberg,67.7
16,1,Babe Ruth,164.8
16,2,Walter Johnson,152.3
16,3,Willie Mays,141.8
16,4,Barry Bonds,141.4
16,5,Rogers Hornsby,126.4
16,6,Ty Cobb,126.2
16,7,Hank Aaron,125.2
16,8,Ted Williams,121.1
16,9,Roger Clemens,120.7
16,10,Tris Speaker,119.9
16,11,Stan Musial,117.8
16,12,Pete Alexander,117.5
16,13,Honus Wagner,113.9
16,14,Alex Rodriguez,113.9
16,15,Eddie Collins,113.1
16,16,Lou Gehrig,112.6
16,17,Lefty Grove,110.5
16,18,Mike Schmidt,106.8
16,19,Mickey Mantle,106.5
16,20,Tom Seaver,104.9
16,21,Christy Mathewson,104.2
16,22,Rickey Henderson,102.4
16,23,Mel Ott,101.9
16,24,Randy Johnson,99.9
16,25,Albert Pujols,99.7
16,26,Greg Maddux,98.0
16,27,Frank Robinson,97.7
16,28,Jimmie Foxx,97.4
16,29,Warren Spahn,96.7
16,30,Eddie Mathews,96.2
16,31,Joe Morgan,95.1
16,32,Bert Blyleven,93.9
16,33,Roberto Clemente,93.5
16,34,Phil Niekro,93.2
16,35,Cal Ripken,91.5
16,36,Bob Gibson,90.8
16,37,Gaylord Perry,90.4
16,38,Nap Lajoie,90.0
16,39,Wade Boggs,89.9
16,40,Carl Yastrzemski,89.7
16,41,Eddie Plank,88.8
16,42,Steve Carlton,86.9
16,43,Robin Roberts,86.6
16,44,George Brett,86.5
16,45,Pedro Martinez,86.2
16,46,Al Kaline,85.3
16,47,Fergie Jenkins,84.7
16,48,Ken Griffey,83.6
16,49,Adrian Beltre,82.8
16,50,Curt Schilling,81.6
16,51,Mike Mussina,80.6
16,52,Charlie Gehringer,80.5
16,53,Chipper Jones,80.2
16,54,Jeff Bagwell,79.6
16,55,Pete Rose,79.2
16,56,Joe DiMaggio,78.1
16,57,Rod Carew,77.9
16,58,Brooks Robinson,77.9
16,59,Reggie Jackson,75.7
16,60,Tom Glavine,75.5
16,61,Johnny Bench,75.5
16,62,Cy Young,75.2
16,63,Ozzie Smith,74.7
16,64,Luke Appling,74.0
16,65,Sam Crawford,73.7
16,66,Nolan Ryan,73.1
16,67,Frank Thomas,73.0
16,68,Arky Vaughan,72.9
16,69,Larry Walker,72.7
16,70,Robin Yount,72.7
16,71,Harry Heilmann,72.5
16,72,Ron Santo,72.2
16,73,Paul Molitor,71.8
16,74,Lou Whitaker,71.7
16,75,Derek Jeter,71.5
16,76,Alan Trammell,71.4
16,77,Johnny Mize,71.0
16,78,Paul Waner,70.8
16,79,Jim Palmer,70.8
16,80,Rick Reuschel,70.7
16,81,Bobby Grich,70.6
16,82,Kevin Brown,70.4
16,83,Scott Rolen,70.3
16,84,Frankie Frisch,70.1
16,85,Rafael Palmeiro,70.1
16,86,Gary Carter,70.0
16,87,Carl Hubbell,69.9
16,88,Jim Thome,69.9
16,89,Al Simmons,69.8
16,90,Ted Lyons,69.6
16,91,Bob Feller,69.6
16,92,Roy Halladay,69.4
16,93,Manny Ramirez,69.4
16,94,Barry Larkin,69.4
16,95,Ernie Banks,69.0
16,96,Luis Tiant,69.0
16,97,Edgar Martinez,68.7
16,98,John Smoltz,68.4
16,99,Carlos Beltran,68.3
16,100,Kenny Lofton,68.1
17,1,Babe Ruth,171.0
17,2,Walter Johnson,156.3
17,3,Barry Bonds,147.2
17,4,Willie Mays,146.2
17,5,Ty Cobb,131.7
17,6,Hank Aaron,130.2
17,7,Rogers Hornsby,126.8
17,8,Tris Speaker,125.1
17,9,Roger Clemens,124.2
17,10,Ted Williams,123.1
17,11,Stan Musial,121.5
17,12,Pete Alexander,120.0
17,13,Eddie Collins,117.0
17,14,Alex Rodriguez,117.0
17,15,Honus Wagner,113.9
17,16,Lou Gehrig,112.6
17,17,Lefty Grove,110.5
17,18,Mickey Mantle,108.3
17,19,Tom Seaver,107.5
17,20,Mike Schmidt,106.9
17,21,Mel Ott,105.7
17,22,Rickey Henderson,104.6
17,23,Christy Mathewson,104.2
17,24,Randy Johnson,101.6
17,25,Greg Maddux,101.2
17,26,Frank Robinson,101.1
17,27,Albert Pujols,99.7
17,28,Warren Spahn,99.6
17,29,Jimmie Foxx,98.3
17,30,Joe Morgan,97.2
17,31,Eddie Mathews,96.4
17,32,Bert Blyleven,96.1
17,33,Phil Niekro,95.4
17,34,Roberto Clemente,94.8
17,35,Cal Ripken,93.4
17,36,Gaylord Perry,92.7
17,37,Carl Yastrzemski,92.0
17,38,Wade Boggs,91.3
17,39,Bob Gibson,90.8
17,40,Eddie Plank,90.6
17,41,Nap Lajoie,90.0
17,42,Robin Roberts,89.1
17,43,Steve Carlton,89.0
17,44,George Brett,87.9
17,45,Al Kaline,87.9
17,46,Pedro Martinez,86.5
17,47,Fergie Jenkins,86.2
17,48,Ken Griffey,84.2
17,49,Adrian Beltre,83.6
17,50,Chipper Jones,82.5
17,51,Mike Mussina,82.1
17,52,Curt Schilling,82.1
17,53,Pete Rose,80.9
17,54,Charlie Gehringer,80.6
17,55,Rod Carew,79.7
17,56,Brooks Robinson,79.7
17,57,Jeff Bagwell,79.6
17,58,Joe DiMaggio,78.1
17,59,Tom Glavine,77.8
17,60,Reggie Jackson,76.6
17,61,Ozzie Smith,76.2
17,62,Johnny Bench,75.5
17,63,Cy Young,75.2
17,64,Nolan Ryan,75.0
17,65,Luke Appling,75.0
17,66,Robin Yount,74.2
17,67,Sam Crawford,73.7
17,68,Lou Whitaker,73.5
17,69,Frank Thomas,73.4
17,70,Paul Molitor,73.3
17,71,Arky Vaughan,72.9
17,72,Larry Walker,72.7
17,73,Derek Jeter,72.6
17,74,Harry Heilmann,72.5
17,75,Ron Santo,72.2
17,76,Alan Trammell,72.1
17,77,Paul Waner,72.0
17,78,Ted Lyons,71.3
17,79,Jim Thome,71.3
17,80,Rick Reuschel,71.0
17,81,Jim Palmer,71.0
17,82,Johnny Mize,71.0
17,83,Bobby Grich,70.9
17,84,Rafael Palmeiro,70.8
17,85,Kevin Brown,70.5
17,86,Frankie Frisch,70.3
17,87,Scott Rolen,70.3
17,88,Manny Ramirez,70.3
17,89,Gary Carter,70.1
17,90,Barry Larkin,70.1
17,91,Al Simmons,70.0
17,92,Carl Hubbell,69.9
17,93,Bob Feller,69.7
17,94,John Smoltz,69.5
17,95,Roy Halladay,69.4
17,96,Luis Tiant,69.1
17,97,Ernie Banks,69.0
17,98,Edgar Martinez,68.7
17,99,Carlos Beltran,68.6
17,100,Red Faber,68.6
18,1,Babe Ruth,176.1
18,2,Walter Johnson,160.1
18,3,Barry Bonds,151.2
18,4,Willie Mays,150.1
18,5,Ty Cobb,137.1
18,6,Hank Aaron,134.9
18,7,Tris Speaker,129.6
18,8,Roger Clemens,127.1
18,9,Rogers Hornsby,127.1
18,10,Stan Musial,124.1
18,11,Ted Williams,123.4
18,12,Pete Alexander,122.1
18,13,Eddie Collins,120.1
18,14,Alex Rodriguez,119.2
18,15,Honus Wagner,113.9
18,16,Lou Gehrig,112.6
18,17,Lefty Grove,110.5
18,18,Tom Seaver,110.1
18,19,Mickey Mantle,109.7
18,20,Mel Ott,108.6
18,21,Mike Schmidt,106.9
18,22,Rickey Henderson,106.5
18,23,Frank Robinson,104.3
18,24,Christy Mathewson,104.2
18,25,Greg Maddux,104.2
18,26,Randy Johnson,102.9
18,27,Warren Spahn,102.0
18,28,Albert Pujols,99.7
18,29,Joe Morgan,98.8
18,30,Jimmie Foxx,98.5
18,31,Bert Blyleven,97.5
18,32,Phil Niekro,97.2
18,33,Eddie Mathews,96.4
18,34,Cal Ripken,95.2
18,35,Roberto Clemente,94.8
18,36,Gaylord Perry,94.4
18,37,Carl Yastrzemski,94.0
18,38,Wade Boggs,91.3
18,39,Steve Carlton,91.0
18,40,Bob Gibson,90.8
18,41,Eddie Plank,90.6
18,42,Al Kaline,90.4
18,43,Nap Lajoie,90.0
18,44,Robin Roberts,89.6
18,45,George Brett,88.5
18,46,Fergie Jenkins,86.8
18,47,Pedro Martinez,86.5
18,48,Chipper Jones,84.8
18,49,Ken Griffey,84.8
18,50,Adrian Beltre,83.8
18,51,Mike Mussina,83.2
18,52,Curt Schilling,82.2
18,53,Pete Rose,82.1
18,54,Charlie Gehringer,80.7
18,55,Rod Carew,80.6
18,56,Tom Glavine,80.1
18,57,Brooks Robinson,80.1
18,58,Jeff Bagwell,79.6
18,59,Joe DiMaggio,78.1
18,60,Ozzie Smith,77.2
18,61,Nolan Ryan,77.0
18,62,Reggie Jackson,76.6
18,63,Robin Yount,75.7
18,64,Johnny Bench,75.5
18,65,Cy Young,75.2
18,66,Lou Whitaker,75.0
18,67,Luke Appling,75.0
18,68,Paul Molitor,74.5
18,69,Frank Thomas,73.9
18,70,Sam Crawford,73.7
18,71,Arky Vaughan,72.9
18,72,Derek Jeter,72.9
18,73,Larry Walker,72.7
18,74,Jim Thome,72.6
18,75,Paul Waner,72.5
18,76,Harry Heilmann,72.5
18,77,Ted Lyons,72.3
18,78,Ron Santo,72.2
18,79,Alan Trammell,72.1
18,80,Rafael Palmeiro,71.5
18,81,Rick Reuschel,71.3
18,82,Jim Palmer,71.1
18,83,Johnny Mize,71.0
18,84,Bobby Grich,70.9
18,85,Kevin Brown,70.6
18,86,Frankie Frisch,70.5
18,87,Barry Larkin,70.5
18,88,John Smoltz,70.4
18,89,Scott Rolen,70.3
18,90,Manny Ramirez,70.3
18,91,Gary Carter,70.2
18,92,Al Simmons,70.1
18,93,Red Faber,69.9
18,94,Carl Hubbell,69.9
18,95,Red Ruffing,69.8
18,96,Bob Feller,69.7
18,97,Eddie Murray,69.6
18,98,Roy Halladay,69.4
18,99,Luis Tiant,69.1
18,100,Ernie Banks,69.0
19,1,Babe Ruth,180.6
19,2,Walter Johnson,163.1
19,3,Barry Bonds,155.0
19,4,Willie Mays,153.2
19,5,Ty Cobb,141.5
19,6,Hank Aaron,138.8
19,7,Tris Speaker,133.3
19,8,Roger Clemens,129.8
19,9,Rogers Hornsby,127.3
19,10,Stan Musial,126.0
19,11,Ted Williams,123.4
19,12,Pete Alexander,122.8
19,13,Eddie Collins,122.4
19,14,Alex Rodriguez,119.5
19,15,Honus Wagner,113.9
19,16,Lou Gehrig,112.6
19,17,Tom Seaver,111.9
19,18,Lefty Grove,110.5
19,19,Mickey Mantle,109.7
19,20,Mel Ott,108.9
19,21,Rickey Henderson,108.3
19,22,Mike Schmidt,106.9
19,23,Greg Maddux,106.8
19,24,Frank Robinson,106.3
19,25,Christy Mathewson,104.2
19,26,Randy Johnson,104.1
19,27,Warren Spahn,102.8
19,28,Joe Morgan,100.3
19,29,Albert Pujols,99.7
19,30,Phil Niekro,98.9
19,31,Jimmie Foxx,98.6
19,32,Bert Blyleven,97.8
19,33,Cal Ripken,96.6
19,34,Eddie Mathews,96.4
19,35,Gaylord Perry,95.7
19,36,Carl Yastrzemski,95.3
19,37,Roberto Clemente,94.8
19,38,Steve Carlton,92.1
19,39,Al Kaline,91.6
19,40,Wade Boggs,91.3
19,41,Bob Gibson,90.8
19,42,Eddie Plank,90.6
19,43,Nap Lajoie,90.0
19,44,Robin Roberts,89.6
19,45,George Brett,88.8
19,46,Fergie Jenkins,86.8
19,47,Pedro Martinez,86.5
19,48,Ken Griffey,85.2
19,49,Chipper Jones,85.0
19,50,Adrian Beltre,83.8
19,51,Mike Mussina,83.2
19,52,Pete Rose,83.0
19,53,Curt Schilling,82.2
19,54,Tom Glavine,81.4
19,55,Rod Carew,81.1
19,56,Charlie Gehringer,80.7
19,57,Brooks Robinson,80.1
19,58,Jeff Bagwell,79.6
19,59,Nolan Ryan,78.8
19,60,Joe DiMaggio,78.1
19,61,Ozzie Smith,77.2
19,62,Reggie Jackson,76.6
19,63,Robin Yount,76.5
19,64,Paul Molitor,75.5
19,65,Johnny Bench,75.5
19,66,Cy Young,75.2
19,67,Luke Appling,75.0
19,68,Lou Whitaker,75.0
19,69,Frank Thomas,73.9
19,70,Sam Crawford,73.7
19,71,Jim Thome,73.0
19,72,Arky Vaughan,72.9
19,73,Paul Waner,72.9
19,74,Derek Jeter,72.9
19,75,Ted Lyons,72.8
19,76,Larry Walker,72.7
19,77,Harry Heilmann,72.5
19,78,Ron Santo,72.2
19,79,Alan Trammell,72.1
19,80,Rafael Palmeiro,71.8
19,81,Rick Reuschel,71.3
19,82,John Smoltz,71.2
19,83,Jim Palmer,71.1
19,84,Red Ruffing,71.1
19,85,Johnny Mize,71.0
19,86,Red Faber,71.0
19,87,Bobby Grich,70.9
19,88,Kevin Brown,70.6
19,89,Frankie Frisch,70.5
19,90,Barry Larkin,70.5
19,91,Scott Rolen,70.3
19,92,Manny Ramirez,70.3
19,93,Gary Carter,70.2
19,94,Al Simmons,70.1
19,95,Carl Hubbell,69.9
19,96,Carlton Fisk,69.8
19,97,Eddie Murray,69.8
19,98,Bob Feller,69.7
19,99,Ivan Rodriguez,69.5
19,100,Roy Halladay,69.4
20,1,Babe Ruth,184.0
20,2,Walter Johnson,165.8
20,3,Barry Bonds,158.5
20,4,Willie Mays,155.0
20,5,Ty Cobb,144.8
20,6,Hank Aaron,140.9
20,7,Tris Speaker,133.8
20,8,Roger Clemens,132.5
20,9,Rogers Hornsby,127.4
20,10,Stan Musial,127.3
20,11,Eddie Collins,123.7
20,12,Ted Williams,123.4
20,13,Pete Alexander,122.8
20,14,Alex Rodriguez,119.5
20,15,Honus Wagner,113.9
20,16,Lou Gehrig,112.6
20,17,Tom Seaver,111.9
20,18,Lefty Grove,110.5
20,19,Rickey Henderson,110.0
20,20,Mickey Mantle,109.7
20,21,Mel Ott,108.9
20,22,Greg Maddux,108.1
20,23,Frank Robinson,107.2
20,24,Mike Schmidt,106.9
20,25,Randy Johnson,104.8
20,26,Christy Mathewson,104.2
20,27,Warren Spahn,102.9
20,28,Joe Morgan,100.4
20,29,Phil Niekro,99.8
20,30,Albert Pujols,99.7
20,31,Jimmie Foxx,98.6
20,32,Bert Blyleven,97.9
20,33,Cal Ripken,96.6
20,34,Eddie Mathews,96.4
20,35,Carl Yastrzemski,96.1
20,36,Gaylord Perry,95.9
20,37,Roberto Clemente,94.8
20,38,Steve Carlton,93.1
20,39,Al Kaline,92.5
20,40,Wade Boggs,91.3
20,41,Bob Gibson,90.8
20,42,Eddie Plank,90.6
20,43,Nap Lajoie,90.0
20,44,Robin Roberts,89.6
20,45,George Brett,88.8
20,46,Fergie Jenkins,86.8
20,47,Pedro Martinez,86.5
20,48,Ken Griffey,85.2
20,49,Chipper Jones,85.0
20,50,Adrian Beltre,83.8
20,51,Pete Rose,83.6
20,52,Mike Mussina,83.2
20,53,Curt Schilling,82.2
20,54,Tom Glavine,82.1
20,55,Rod Carew,81.1
20,56,Charlie Gehringer,80.7
20,57,Nolan Ryan,80.5
20,58,Brooks Robinson,80.1
20,59,Jeff Bagwell,79.6
20,60,Joe DiMaggio,78.1
20,61,Ozzie Smith,77.2
20,62,Robin Yount,77.0
20,63,Reggie Jackson,76.6
20,64,Paul Molitor,75.6
20,65,Johnny Bench,75.5
20,66,Cy Young,75.2
20,67,Luke Appling,75.0
20,68,Lou Whitaker,75.0
20,69,Frank Thomas,73.9
20,70,Sam Crawford,73.7
20,71,Ted Lyons,73.2
20,72,Jim Thome,73.2
20,73,Paul Waner,72.9
20,74,Arky Vaughan,72.9
20,75,Derek Jeter,72.9
20,76,Larry Walker,72.7
20,77,Harry Heilmann,72.5
20,78,Ron Santo,72.2
20,79,Alan Trammell,72.1
20,80,Red Ruffing,71.9
20,81,Rafael Palmeiro,71.8
20,82,John Smoltz,71.5
20,83,Rick Reuschel,71.3
20,84,Jim Palmer,71.1
20,85,Johnny Mize,71.0
20,86,Red Faber,71.0
20,87,Bobby Grich,70.9
20,88,Kevin Brown,70.6
20,89,Frankie Frisch,70.5
20,90,Barry Larkin,70.5
20,91,Carlton Fisk,70.4
20,92,Scott Rolen,70.3
20,93,Manny Ramirez,70.3
20,94,Gary Carter,70.2
20,95,Al Simmons,70.1
20,96,Carl Hubbell,69.9
20,97,Eddie Murray,69.8
20,98,Ivan Rodriguez,69.8
20,99,Bob Feller,69.7
20,100,Roy Halladay,69.4
21,1,Babe Ruth,184.2
21,2,Walter Johnson,166.4
21,3,Barry Bonds,161.8
21,4,Willie Mays,156.2
21,5,Ty Cobb,147.3
21,6,Hank Aaron,142.1
21,7,Roger Clemens,135.1
21,8,Tris Speaker,133.9
21,9,Stan Musial,127.9
21,10,Rogers Hornsby,127.4
21,11,Eddie Collins,123.9
21,12,Ted Williams,123.4
21,13,Pete Alexander,122.8
21,14,Alex Rodriguez,119.5
21,15,Honus Wagner,113.9
21,16,Lou Gehrig,112.6
21,17,Tom Seaver,111.9
21,18,Rickey Henderson,111.3
21,19,Lefty Grove,110.5
21,20,Mickey Mantle,109.7
21,21,Mel Ott,108.9
21,22,Greg Maddux,108.7
21,23,Frank Robinson,107.3
21,24,Mike Schmidt,106.9
21,25,Randy Johnson,105.1
21,26,Christy Mathewson,104.2
21,27,Warren Spahn,102.9
21,28,Joe Morgan,100.5
21,29,Phil Niekro,100.3
21,30,Albert Pujols,99.7
21,31,Jimmie Foxx,98.6
21,32,Bert Blyleven,97.9
21,33,Cal Ripken,96.6
21,34,Carl Yastrzemski,96.6
21,35,Eddie Mathews,96.4
21,36,Gaylord Perry,96.0
21,37,Roberto Clemente,94.8
21,38,Steve Carlton,93.9
21,39,Al Kaline,93.0
21,40,Wade Boggs,91.3
21,41,Bob Gibson,90.8
21,42,Eddie Plank,90.6
21,43,Nap Lajoie,90.0
21,44,Robin Roberts,89.6
21,45,George Brett,88.8
21,46,Fergie Jenkins,86.8
21,47,Pedro Martinez,86.5
21,48,Ken Griffey,85.2
21,49,Chipper Jones,85.0
21,50,Adrian Beltre,83.8
21,51,Pete Rose,83.6
21,52,Mike Mussina,83.2
21,53,Nolan Ryan,82.2
21,54,Tom Glavine,82.2
21,55,Curt Schilling,82.2
21,56,Rod Carew,81.1
21,57,Charlie Gehringer,80.7
21,58,Brooks Robinson,80.1
21,59,Jeff Bagwell,79.6
21,60,Joe DiMaggio,78.1
21,61,Ozzie Smith,77.2
21,62,Robin Yount,77.0
21,63,Reggie Jackson,76.6
21,64,Paul Molitor,75.6
21,65,Johnny Bench,75.5
21,66,Cy Young,75.2
21,67,Luke Appling,75.0
21,68,Lou Whitaker,75.0
21,69,Frank Thomas,73.9
21,70,Sam Crawford,73.7
21,71,Ted Lyons,73.2
21,72,Jim Thome,73.2
21,73,Paul Waner,72.9
21,74,Arky Vaughan,72.9
21,75,Derek Jeter,72.9
21,76,Larry Walker,72.7
21,77,Harry Heilmann,72.5
21,78,Ron Santo,72.2
21,79,Alan Trammell,72.1
21,80,Red Ruffing,72.0
21,81,Rafael Palmeiro,71.8
21,82,John Smoltz,71.5
21,83,Rick Reuschel,71.3
21,84,Jim Palmer,71.1
21,85,Johnny Mize,71.0
21,86,Red Faber,71.0
21,87,Bobby Grich,70.9
21,88,Carlton Fisk,70.8
21,89,Kevin Brown,70.6
21,90,Frankie Frisch,70.5
21,91,Barry Larkin,70.5
21,92,Scott Rolen,70.3
21,93,Manny Ramirez,70.3
21,94,Gary Carter,70.2
21,95,Al Simmons,70.1
21,96,Carl Hubbell,69.9
21,97,Eddie Murray,69.8
21,98,Ivan Rodriguez,69.8
21,99,Bob Feller,69.7
21,100,Roy Halladay,69.4
22,1,Babe Ruth,184.3
22,2,Walter Johnson,166.4
22,3,Barry Bonds,162.4
22,4,Willie Mays,156.2
22,5,Ty Cobb,149.2
22,6,Hank Aaron,142.6
22,7,Roger Clemens,137.0
22,8,Tris Speaker,133.9
22,9,Stan Musial,128.1
22,10,Rogers Hornsby,127.4
22,11,Eddie Collins,124.0
22,12,Ted Williams,123.4
22,13,Pete Alexander,122.8
22,14,Alex Rodriguez,119.5
22,15,Honus Wagner,113.9
22,16,Lou Gehrig,112.6
22,17,Tom Seaver,111.9
22,18,Rickey Henderson,111.8
22,19,Lefty Grove,110.5
22,20,Mickey Mantle,109.7
22,21,Greg Maddux,108.9
22,22,Mel Ott,108.9
22,23,Frank Robinson,107.3
22,24,Mike Schmidt,106.9
22,25,Randy Johnson,105.4
22,26,Christy Mathewson,104.2
22,27,Warren Spahn,102.9
22,28,Phil Niekro,100.8
22,29,Joe Morgan,100.5
22,30,Albert Pujols,99.7
22,31,Jimmie Foxx,98.6
22,32,Bert Blyleven,97.9
22,33,Cal Ripken,96.6
22,34,Carl Yastrzemski,96.6
22,35,Eddie Mathews,96.4
22,36,Gaylord Perry,96.1
22,37,Roberto Clemente,94.8
22,38,Steve Carlton,94.4
22,39,Al Kaline,93.0
22,40,Wade Boggs,91.3
22,41,Bob Gibson,90.8
22,42,Eddie Plank,90.6
22,43,Nap Lajoie,90.0
22,44,Robin Roberts,89.6
22,45,George Brett,88.8
22,46,Fergie Jenkins,86.8
22,47,Pedro Martinez,86.5
22,48,Ken Griffey,85.2
22,49,Chipper Jones,85.0
22,50,Nolan Ryan,83.8
22,51,Adrian Beltre,83.8
22,52,Pete Rose,83.6
22,53,Mike Mussina,83.2
22,54,Tom Glavine,82.2
22,55,Curt Schilling,82.2
22,56,Rod Carew,81.1
22,57,Charlie Gehringer,80.7
22,58,Brooks Robinson,80.1
22,59,Jeff Bagwell,79.6
22,60,Joe DiMaggio,78.1
22,61,Ozzie Smith,77.2
22,62,Robin Yount,77.0
22,63,Reggie Jackson,76.6
22,64,Paul Molitor,75.6
22,65,Johnny Bench,75.5
22,66,Cy Young,75.2
22,67,Luke Appling,75.0
22,68,Lou Whitaker,75.0
22,69,Frank Thomas,73.9
22,70,Sam Crawford,73.7
22,71,Ted Lyons,73.2
22,72,Jim Thome,73.2
22,73,Paul Waner,72.9
22,74,Arky Vaughan,72.9
22,75,Derek Jeter,72.9
22,76,Larry Walker,72.7
22,77,Harry Heilmann,72.5
22,78,Ron Santo,72.2
22,79,Alan Trammell,72.1
22,80,Red Ruffing,72.0
22,81,Rafael Palmeiro,71.8
22,82,John Smoltz,71.5
22,83,Rick Reuschel,71.3
22,84,Jim Palmer,71.1
22,85,Johnny Mize,71.0
22,86,Red Faber,71.0
22,87,Bobby Grich,70.9
22,88,Carlton Fisk,70.8
22,89,Kevin Brown,70.6
22,90,Frankie Frisch,70.5
22,91,Barry Larkin,70.5
22,92,Don Sutton,70.5
22,93,Scott Rolen,70.3
22,94,Manny Ramirez,70.3
22,95,Gary Carter,70.2
22,96,Al Simmons,70.1
22,97,Carl Hubbell,69.9
22,98,Eddie Murray,69.8
22,99,Ivan Rodriguez,69.8
22,100,Bob Feller,69.7
23,1,Babe Ruth,184.3
23,2,Walter Johnson,166.4
23,3,Barry Bonds,162.4
23,4,Willie Mays,156.2
23,5,Ty Cobb,150.9
23,6,Hank Aaron,142.6
23,7,Roger Clemens,138.9
23,8,Tris Speaker,133.9
23,9,Stan Musial,128.1
23,10,Rogers Hornsby,127.4
23,11,Eddie Collins,124.1
23,12,Ted Williams,123.4
23,13,Pete Alexander,122.8
23,14,Alex Rodriguez,119.5
23,15,Honus Wagner,113.9
23,16,Lou Gehrig,112.6
23,17,Rickey Henderson,112.2
23,18,Tom Seaver,111.9
23,19,Lefty Grove,110.5
23,20,Mickey Mantle,109.7
23,21,Greg Maddux,108.9
23,22,Mel Ott,108.9
23,23,Frank Robinson,107.3
23,24,Mike Schmidt,106.9
23,25,Randy Johnson,105.4
23,26,Christy Mathewson,104.2
23,27,Warren Spahn,102.9
23,28,Phil Niekro,100.8
23,29,Joe Morgan,100.5
23,30,Albert Pujols,99.7
23,31,Jimmie Foxx,98.6
23,32,Bert Blyleven,97.9
23,33,Cal Ripken,96.6
23,34,Carl Yastrzemski,96.6
23,35,Eddie Mathews,96.4
23,36,Gaylord Perry,96.1
23,37,Roberto Clemente,94.8
23,38,Steve Carlton,94.4
23,39,Al Kaline,93.0
23,40,Wade Boggs,91.3
23,41,Bob Gibson,90.8
23,42,Eddie Plank,90.6
23,43,Nap Lajoie,90.0
23,44,Robin Roberts,89.6
23,45,George Brett,88.8
23,46,Fergie Jenkins,86.8
23,47,Pedro Martinez,86.5
23,48,Ken Griffey,85.2
23,49,Chipper Jones,85.0
23,50,Nolan Ryan,84.8
23,51,Adrian Beltre,83.8
23,52,Pete Rose,83.6
23,53,Mike Mussina,83.2
23,54,Tom Glavine,82.2
23,55,Curt Schilling,82.2
23,56,Rod Carew,81.1
23,57,Charlie Gehringer,80.7
23,58,Brooks Robinson,80.1
23,59,Jeff Bagwell,79.6
23,60,Joe DiMaggio,78.1
23,61,Ozzie Smith,77.2
23,62,Robin Yount,77.0
23,63,Reggie Jackson,76.6
23,64,Paul Molitor,75.6
23,65,Johnny Bench,75.5
23,66,Cy Young,75.2
23,67,Luke Appling,75.0
23,68,Lou Whitaker,75.0
23,69,Frank Thomas,73.9
23,70,Sam Crawford,73.7
23,71,Ted Lyons,73.2
23,72,Jim Thome,73.2
23,73,Paul Waner,72.9
23,74,Arky Vaughan,72.9
23,75,Derek Jeter,72.9
23,76,Larry Walker,72.7
23,77,Harry Heilmann,72.5
23,78,Ron Santo,72.2
23,79,Alan Trammell,72.1
23,80,Red Ruffing,72.0
23,81,Rafael Palmeiro,71.8
23,82,John Smoltz,71.5
23,83,Rick Reuschel,71.3
23,84,Jim Palmer,71.1
23,85,Johnny Mize,71.0
23,86,Red Faber,71.0
23,87,Bobby Grich,70.9
23,88,Carlton Fisk,70.8
23,89,Kevin Brown,70.6
23,90,Frankie Frisch,70.5
23,91,Barry Larkin,70.5
23,92,Don Sutton,70.5
23,93,Scott Rolen,70.3
23,94,Manny Ramirez,70.3
23,95,Gary Carter,70.2
23,96,Al Simmons,70.1
23,97,Carl Hubbell,69.9
23,98,Eddie Murray,69.8
23,99,Ivan Rodriguez,69.8
23,100,Bob Feller,69.7
24,1,Babe Ruth,184.3
24,2,Walter Johnson,166.4
24,3,Barry Bonds,162.4
24,4,Willie Mays,156.2
24,5,Ty Cobb,151.1
24,6,Hank Aaron,142.6
24,7,Roger Clemens,140.5
24,8,Tris Speaker,133.9
24,9,Stan Musial,128.1
24,10,Rogers Hornsby,127.4
24,11,Eddie Collins,124.1
24,12,Ted Williams,123.4
24,13,Pete Alexander,122.8
24,14,Alex Rodriguez,119.5
24,15,Honus Wagner,113.9
24,16,Lou Gehrig,112.6
24,17,Rickey Henderson,112.4
24,18,Tom Seaver,111.9
24,19,Lefty Grove,110.5
24,20,Mickey Mantle,109.7
24,21,Greg Maddux,108.9
24,22,Mel Ott,108.9
24,23,Frank Robinson,107.3
24,24,Mike Schmidt,106.9
24,25,Randy Johnson,105.4
24,26,Christy Mathewson,104.2
24,27,Warren Spahn,102.9
24,28,Phil Niekro,100.8
24,29,Joe Morgan,100.5
24,30,Albert Pujols,99.7
24,31,Jimmie Foxx,98.6
24,32,Bert Blyleven,97.9
24,33,Cal Ripken,96.6
24,34,Carl Yastrzemski,96.6
24,35,Eddie Mathews,96.4
24,36,Gaylord Perry,96.1
24,37,Roberto Clemente,94.8
24,38,Steve Carlton,94.4
24,39,Al Kaline,93.0
24,40,Wade Boggs,91.3
24,41,Bob Gibson,90.8
24,42,Eddie Plank,90.6
24,43,Nap Lajoie,90.0
24,44,Robin Roberts,89.6
24,45,George Brett,88.8
24,46,Fergie Jenkins,86.8
24,47,Pedro Martinez,86.5
24,48,Nolan Ryan,85.6
24,49,Ken Griffey,85.2
24,50,Chipper Jones,85.0
24,51,Adrian Beltre,83.8
24,52,Pete Rose,83.6
24,53,Mike Mussina,83.2
24,54,Tom Glavine,82.2
24,55,Curt Schilling,82.2
24,56,Rod Carew,81.1
24,57,Charlie Gehringer,80.7
24,58,Brooks Robinson,80.1
24,59,Jeff Bagwell,79.6
24,60,Joe DiMaggio,78.1
24,61,Ozzie Smith,77.2
24,62,Robin Yount,77.0
24,63,Reggie Jackson,76.6
24,64,Paul Molitor,75.6
24,65,Johnny Bench,75.5
24,66,Cy Young,75.2
24,67,Luke Appling,75.0
24,68,Lou Whitaker,75.0
24,69,Frank Thomas,73.9
24,70,Sam Crawford,73.7
24,71,Ted Lyons,73.2
24,72,Jim Thome,73.2
24,73,Paul Waner,72.9
24,74,Arky Vaughan,72.9
24,75,Derek Jeter,72.9
24,76,Larry Walker,72.7
24,77,Harry Heilmann,72.5
24,78,Ron Santo,72.2
24,79,Alan Trammell,72.1
24,80,Red Ruffing,72.0
24,81,Rafael Palmeiro,71.8
24,82,John Smoltz,71.5
24,83,Rick Reuschel,71.3
24,84,Jim Palmer,71.1
24,85,Johnny Mize,71.0
24,86,Red Faber,71.0
24,87,Bobby Grich,70.9
24,88,Carlton Fisk,70.8
24,89,Kevin Brown,70.6
24,90,Frankie Frisch,70.5
24,91,Barry Larkin,70.5
24,92,Don Sutton,70.5
24,93,Scott Rolen,70.3
24,94,Manny Ramirez,70.3
24,95,Gary Carter,70.2
24,96,Al Simmons,70.1
24,97,Carl Hubbell,69.9
24,98,Eddie Murray,69.8
24,99,Ivan Rodriguez,69.8
24,100,Bob Feller,69.7
25,1,Babe Ruth,184.3
25,2,Walter Johnson,166.4
25,3,Barry Bonds,162.4
25,4,Willie Mays,156.2
25,5,Ty Cobb,151.1
25,6,Hank Aaron,142.6
25,7,Roger Clemens,140.5
25,8,Tris Speaker,133.9
25,9,Stan Musial,128.1
25,10,Rogers Hornsby,127.4
25,11,Eddie Collins,124.1
25,12,Ted Williams,123.4
25,13,Pete Alexander,122.8
25,14,Alex Rodriguez,119.5
25,15,Honus Wagner,113.9
25,16,Lou Gehrig,112.6
25,17,Rickey Henderson,112.4
25,18,Tom Seaver,111.9
25,19,Lefty Grove,110.5
25,20,Mickey Mantle,109.7
25,21,Greg Maddux,108.9
25,22,Mel Ott,108.9
25,23,Frank Robinson,107.3
25,24,Mike Schmidt,106.9
25,25,Randy Johnson,105.4
25,26,Christy Mathewson,104.2
25,27,Warren Spahn,102.9
25,28,Phil Niekro,100.8
25,29,Joe Morgan,100.5
25,30,Albert Pujols,99.7
25,31,Jimmie Foxx,98.6
25,32,Bert Blyleven,97.9
25,33,Cal Ripken,96.6
25,34,Carl Yastrzemski,96.6
25,35,Eddie Mathews,96.4
25,36,Gaylord Perry,96.1
25,37,Roberto Clemente,94.8
25,38,Steve Carlton,94.4
25,39,Al Kaline,93.0
25,40,Wade Boggs,91.3
25,41,Bob Gibson,90.8
25,42,Eddie Plank,90.6
25,43,Nap Lajoie,90.0
25,44,Robin Roberts,89.6
25,45,George Brett,88.8
25,46,Fergie Jenkins,86.8
25,47,Pedro Martinez,86.5
25,48,Nolan Ryan,85.6
25,49,Ken Griffey,85.2
25,50,Chipper Jones,85.0
25,51,Adrian Beltre,83.8
25,52,Pete Rose,83.6
25,53,Mike Mussina,83.2
25,54,Tom Glavine,82.2
25,55,Curt Schilling,82.2
25,56,Rod Carew,81.1
25,57,Charlie Gehringer,80.7
25,58,Brooks Robinson,80.1
25,59,Jeff Bagwell,79.6
25,60,Joe DiMaggio,78.1
25,61,Ozzie Smith,77.2
25,62,Robin Yount,77.0
25,63,Reggie Jackson,76.6
25,64,Paul Molitor,75.6
25,65,Johnny Bench,75.5
25,66,Cy Young,75.2
25,67,Luke Appling,75.0
25,68,Lou Whitaker,75.0
25,69,Frank Thomas,73.9
25,70,Sam Crawford,73.7
25,71,Ted Lyons,73.2
25,72,Jim Thome,73.2
25,73,Paul Waner,72.9
25,74,Arky Vaughan,72.9
25,75,Derek Jeter,72.9
25,76,Larry Walker,72.7
25,77,Harry Heilmann,72.5
25,78,Ron Santo,72.2
25,79,Alan Trammell,72.1
25,80,Red Ruffing,72.0
25,81,Rafael Palmeiro,71.8
25,82,John Smoltz,71.5
25,83,Rick Reuschel,71.3
25,84,Jim Palmer,71.1
25,85,Johnny Mize,71.0
25,86,Red Faber,71.0
25,87,Bobby Grich,70.9
25,88,Carlton Fisk,70.8
25,89,Kevin Brown,70.6
25,90,Frankie Frisch,70.5
25,91,Barry Larkin,70.5
25,92,Don Sutton,70.5
25,93,Scott Rolen,70.3
25,94,Manny Ramirez,70.3
25,95,Gary Carter,70.2
25,96,Al Simmons,70.1
25,97,Carl Hubbell,69.9
25,98,Eddie Murray,69.8
25,99,Ivan Rodriguez,69.8
25,100,Bob Feller,69.7
26,1,Babe Ruth,184.3
26,2,Walter Johnson,166.4
26,3,Barry Bonds,162.4
26,4,Willie Mays,156.2
26,5,Ty Cobb,151.1
26,6,Hank Aaron,142.6
26,7,Roger Clemens,140.5
26,8,Tris Speaker,133.9
26,9,Stan Musial,128.1
26,10,Rogers Hornsby,127.4
26,11,Eddie Collins,124.1
26,12,Ted Williams,123.4
26,13,Pete Alexander,122.8
26,14,Alex Rodriguez,119.5
26,15,Honus Wagner,113.9
26,16,Lou Gehrig,112.6
26,17,Rickey Henderson,112.4
26,18,Tom Seaver,111.9
26,19,Lefty Grove,110.5
26,20,Mickey Mantle,109.7
26,21,Greg Maddux,108.9
26,22,Mel Ott,108.9
26,23,Frank Robinson,107.3
26,24,Mike Schmidt,106.9
26,25,Randy Johnson,105.4
26,26,Christy Mathewson,104.2
26,27,Warren Spahn,102.9
26,28,Phil Niekro,100.8
26,29,Joe Morgan,100.5
26,30,Albert Pujols,99.7
26,31,Jimmie Foxx,98.6
26,32,Bert Blyleven,97.9
26,33,Cal Ripken,96.6
26,34,Carl Yastrzemski,96.6
26,35,Eddie Mathews,96.4
26,36,Gaylord Perry,96.1
26,37,Roberto Clemente,94.8
26,38,Steve Carlton,94.4
26,39,Al Kaline,93.0
26,40,Wade Boggs,91.3
26,41,Bob Gibson,90.8
26,42,Eddie Plank,90.6
26,43,Nap Lajoie,90.0
26,44,Robin Roberts,89.6
26,45,George Brett,88.8
26,46,Fergie Jenkins,86.8
26,47,Pedro Martinez,86.5
26,48,Nolan Ryan,85.6
26,49,Ken Griffey,85.2
26,50,Chipper Jones,85.0
26,51,Adrian Beltre,83.8
26,52,Pete Rose,83.6
26,53,Mike Mussina,83.2
26,54,Tom Glavine,82.2
26,55,Curt Schilling,82.2
26,56,Rod Carew,81.1
26,57,Charlie Gehringer,80.7
26,58,Brooks Robinson,80.1
26,59,Jeff Bagwell,79.6
26,60,Joe DiMaggio,78.1
26,61,Ozzie Smith,77.2
26,62,Robin Yount,77.0
26,63,Reggie Jackson,76.6
26,64,Paul Molitor,75.6
26,65,Johnny Bench,75.5
26,66,Cy Young,75.2
26,67,Luke Appling,75.0
26,68,Lou Whitaker,75.0
26,69,Frank Thomas,73.9
26,70,Sam Crawford,73.7
26,71,Ted Lyons,73.2
26,72,Jim Thome,73.2
26,73,Paul Waner,72.9
26,74,Arky Vaughan,72.9
26,75,Derek Jeter,72.9
26,76,Larry Walker,72.7
26,77,Harry Heilmann,72.5
26,78,Ron Santo,72.2
26,79,Alan Trammell,72.1
26,80,Red Ruffing,72.0
26,81,Rafael Palmeiro,71.8
26,82,John Smoltz,71.5
26,83,Rick Reuschel,71.3
26,84,Jim Palmer,71.1
26,85,Johnny Mize,71.0
26,86,Red Faber,71.0
26,87,Bobby Grich,70.9
26,88,Carlton Fisk,70.8
26,89,Kevin Brown,70.6
26,90,Frankie Frisch,70.5
26,91,Barry Larkin,70.5
26,92,Don Sutton,70.5
26,93,Scott Rolen,70.3
26,94,Manny Ramirez,70.3
26,95,Gary Carter,70.2
26,96,Al Simmons,70.1
26,97,Carl Hubbell,69.9
26,98,Eddie Murray,69.8
26,99,Ivan Rodriguez,69.8
26,100,Bob Feller,69.7
