pl,vt,old,new
Larry Walker,Adam Rubin,0,0
Roger Clemens,Adam Rubin,1,1
Curt Schilling,Adam Rubin,1,1
Mike Piazza,Adam Rubin,1,1
Lee Smith,Adam Rubin,0,1
Barry Bonds,Adam Rubin,1,1
Jeff Kent,Adam Rubin,0,0
Edgar Martinez,Adam Rubin,0,0
Jeff Bagwell,Adam Rubin,1,1
Mark McGwire,Adam Rubin,0,0
Tim Raines,Adam Rubin,1,1
Nomar Garciaparra,Adam Rubin,0,0
Mike Mussina,Adam Rubin,0,0
Gary Sheffield,Adam Rubin,0,0
Fred McGriff,Adam Rubin,0,0
Alan Trammell,Adam Rubin,0,1
Sammy Sosa,Adam Rubin,0,0
Larry Walker,Alan Greenwood,0,0
Roger Clemens,Alan Greenwood,1,1
Curt Schilling,Alan Greenwood,1,1
Mike Piazza,Alan Greenwood,1,1
Lee Smith,Alan Greenwood,0,0
Barry Bonds,Alan Greenwood,1,1
Jeff Kent,Alan Greenwood,0,0
Edgar Martinez,Alan Greenwood,0,0
Jeff Bagwell,Alan Greenwood,1,1
Mark McGwire,Alan Greenwood,0,0
Tim Raines,Alan Greenwood,1,1
Nomar Garciaparra,Alan Greenwood,0,0
Mike Mussina,Alan Greenwood,0,0
Gary Sheffield,Alan Greenwood,0,0
Fred McGriff,Alan Greenwood,0,0
Alan Trammell,Alan Greenwood,0,1
Sammy Sosa,Alan Greenwood,0,0
Larry Walker,Aurelio Moreno,0,0
Roger Clemens,Aurelio Moreno,1,1
Curt Schilling,Aurelio Moreno,0,0
Mike Piazza,Aurelio Moreno,1,1
Lee Smith,Aurelio Moreno,0,0
Barry Bonds,Aurelio Moreno,1,1
Jeff Kent,Aurelio Moreno,0,0
Edgar Martinez,Aurelio Moreno,0,1
Jeff Bagwell,Aurelio Moreno,0,1
Mark McGwire,Aurelio Moreno,1,1
Tim Raines,Aurelio Moreno,0,0
Nomar Garciaparra,Aurelio Moreno,0,0
Mike Mussina,Aurelio Moreno,0,0
Gary Sheffield,Aurelio Moreno,0,0
Fred McGriff,Aurelio Moreno,0,0
Alan Trammell,Aurelio Moreno,0,0
Sammy Sosa,Aurelio Moreno,1,1
Larry Walker,Barry Bloom,0,0
Roger Clemens,Barry Bloom,1,1
Curt Schilling,Barry Bloom,1,0
Mike Piazza,Barry Bloom,1,1
Lee Smith,Barry Bloom,0,1
Barry Bonds,Barry Bloom,1,1
Jeff Kent,Barry Bloom,0,0
Edgar Martinez,Barry Bloom,0,0
Jeff Bagwell,Barry Bloom,1,1
Mark McGwire,Barry Bloom,0,0
Tim Raines,Barry Bloom,0,1
Nomar Garciaparra,Barry Bloom,0,0
Mike Mussina,Barry Bloom,1,1
Gary Sheffield,Barry Bloom,0,0
Fred McGriff,Barry Bloom,0,0
Alan Trammell,Barry Bloom,0,1
Sammy Sosa,Barry Bloom,0,0
Larry Walker,Barry Rozner,0,0
Roger Clemens,Barry Rozner,0,0
Curt Schilling,Barry Rozner,1,1
Mike Piazza,Barry Rozner,1,1
Lee Smith,Barry Rozner,1,1
Barry Bonds,Barry Rozner,1,1
Jeff Kent,Barry Rozner,0,1
Edgar Martinez,Barry Rozner,0,0
Jeff Bagwell,Barry Rozner,0,1
Mark McGwire,Barry Rozner,0,0
Tim Raines,Barry Rozner,1,1
Nomar Garciaparra,Barry Rozner,0,0
Mike Mussina,Barry Rozner,1,1
Gary Sheffield,Barry Rozner,0,0
Fred McGriff,Barry Rozner,0,0
Alan Trammell,Barry Rozner,0,0
Sammy Sosa,Barry Rozner,0,0
Larry Walker,Bernie Miklasz,0,1
Roger Clemens,Bernie Miklasz,1,1
Curt Schilling,Bernie Miklasz,1,1
Mike Piazza,Bernie Miklasz,1,1
Lee Smith,Bernie Miklasz,0,0
Barry Bonds,Bernie Miklasz,1,1
Jeff Kent,Bernie Miklasz,0,0
Edgar Martinez,Bernie Miklasz,0,0
Jeff Bagwell,Bernie Miklasz,1,1
Mark McGwire,Bernie Miklasz,0,0
Tim Raines,Bernie Miklasz,1,1
Nomar Garciaparra,Bernie Miklasz,0,0
Mike Mussina,Bernie Miklasz,1,1
Gary Sheffield,Bernie Miklasz,0,0
Fred McGriff,Bernie Miklasz,0,0
Alan Trammell,Bernie Miklasz,0,1
Sammy Sosa,Bernie Miklasz,0,0
Larry Walker,Bernie Wilson,0,0
Roger Clemens,Bernie Wilson,0,0
Curt Schilling,Bernie Wilson,0,0
Mike Piazza,Bernie Wilson,1,1
Lee Smith,Bernie Wilson,1,1
Barry Bonds,Bernie Wilson,0,0
Jeff Kent,Bernie Wilson,0,0
Edgar Martinez,Bernie Wilson,0,0
Jeff Bagwell,Bernie Wilson,1,1
Mark McGwire,Bernie Wilson,0,0
Tim Raines,Bernie Wilson,0,1
Nomar Garciaparra,Bernie Wilson,0,0
Mike Mussina,Bernie Wilson,0,1
Gary Sheffield,Bernie Wilson,0,1
Fred McGriff,Bernie Wilson,0,1
Alan Trammell,Bernie Wilson,1,1
Sammy Sosa,Bernie Wilson,0,0
Larry Walker,Bill Ballou,0,0
Roger Clemens,Bill Ballou,1,1
Curt Schilling,Bill Ballou,0,0
Mike Piazza,Bill Ballou,1,1
Lee Smith,Bill Ballou,0,0
Barry Bonds,Bill Ballou,1,1
Jeff Kent,Bill Ballou,0,0
Edgar Martinez,Bill Ballou,0,0
Jeff Bagwell,Bill Ballou,1,1
Mark McGwire,Bill Ballou,1,1
Tim Raines,Bill Ballou,0,0
Nomar Garciaparra,Bill Ballou,0,0
Mike Mussina,Bill Ballou,0,0
Gary Sheffield,Bill Ballou,0,0
Fred McGriff,Bill Ballou,0,0
Alan Trammell,Bill Ballou,0,0
Sammy Sosa,Bill Ballou,0,0
Larry Walker,Bob Hertzel,0,1
Roger Clemens,Bob Hertzel,1,1
Curt Schilling,Bob Hertzel,0,0
Mike Piazza,Bob Hertzel,0,1
Lee Smith,Bob Hertzel,0,0
Barry Bonds,Bob Hertzel,1,1
Jeff Kent,Bob Hertzel,0,0
Edgar Martinez,Bob Hertzel,0,0
Jeff Bagwell,Bob Hertzel,0,0
Mark McGwire,Bob Hertzel,0,0
Tim Raines,Bob Hertzel,1,1
Nomar Garciaparra,Bob Hertzel,0,0
Mike Mussina,Bob Hertzel,0,0
Gary Sheffield,Bob Hertzel,0,0
Fred McGriff,Bob Hertzel,0,0
Alan Trammell,Bob Hertzel,0,0
Sammy Sosa,Bob Hertzel,0,0
Larry Walker,Bob Herzog,0,0
Roger Clemens,Bob Herzog,1,1
Curt Schilling,Bob Herzog,0,0
Mike Piazza,Bob Herzog,1,1
Lee Smith,Bob Herzog,0,0
Barry Bonds,Bob Herzog,1,1
Jeff Kent,Bob Herzog,0,0
Edgar Martinez,Bob Herzog,1,1
Jeff Bagwell,Bob Herzog,0,1
Mark McGwire,Bob Herzog,0,0
Tim Raines,Bob Herzog,1,1
Nomar Garciaparra,Bob Herzog,0,0
Mike Mussina,Bob Herzog,1,1
Gary Sheffield,Bob Herzog,0,0
Fred McGriff,Bob Herzog,0,0
Alan Trammell,Bob Herzog,0,0
Sammy Sosa,Bob Herzog,0,0
Larry Walker,Bob Hohler,0,0
Roger Clemens,Bob Hohler,0,0
Curt Schilling,Bob Hohler,1,1
Mike Piazza,Bob Hohler,1,1
Lee Smith,Bob Hohler,0,0
Barry Bonds,Bob Hohler,0,0
Jeff Kent,Bob Hohler,0,0
Edgar Martinez,Bob Hohler,0,0
Jeff Bagwell,Bob Hohler,1,1
Mark McGwire,Bob Hohler,0,0
Tim Raines,Bob Hohler,1,1
Nomar Garciaparra,Bob Hohler,0,0
Mike Mussina,Bob Hohler,0,1
Gary Sheffield,Bob Hohler,0,0
Fred McGriff,Bob Hohler,0,0
Alan Trammell,Bob Hohler,0,0
Sammy Sosa,Bob Hohler,0,0
Larry Walker,Bob Klapisch,0,0
Roger Clemens,Bob Klapisch,1,1
Curt Schilling,Bob Klapisch,0,1
Mike Piazza,Bob Klapisch,1,1
Lee Smith,Bob Klapisch,0,0
Barry Bonds,Bob Klapisch,1,1
Jeff Kent,Bob Klapisch,0,0
Edgar Martinez,Bob Klapisch,0,1
Jeff Bagwell,Bob Klapisch,1,1
Mark McGwire,Bob Klapisch,0,0
Tim Raines,Bob Klapisch,1,1
Nomar Garciaparra,Bob Klapisch,0,0
Mike Mussina,Bob Klapisch,1,1
Gary Sheffield,Bob Klapisch,0,0
Fred McGriff,Bob Klapisch,0,0
Alan Trammell,Bob Klapisch,0,0
Sammy Sosa,Bob Klapisch,0,0
Larry Walker,Bob Ryan,0,0
Roger Clemens,Bob Ryan,0,0
Curt Schilling,Bob Ryan,1,1
Mike Piazza,Bob Ryan,1,1
Lee Smith,Bob Ryan,0,0
Barry Bonds,Bob Ryan,0,0
Jeff Kent,Bob Ryan,0,1
Edgar Martinez,Bob Ryan,1,1
Jeff Bagwell,Bob Ryan,1,1
Mark McGwire,Bob Ryan,0,0
Tim Raines,Bob Ryan,1,1
Nomar Garciaparra,Bob Ryan,0,0
Mike Mussina,Bob Ryan,0,1
Gary Sheffield,Bob Ryan,0,0
Fred McGriff,Bob Ryan,0,0
Alan Trammell,Bob Ryan,1,1
Sammy Sosa,Bob Ryan,0,0
Larry Walker,Brian Costello,0,0
Roger Clemens,Brian Costello,1,1
Curt Schilling,Brian Costello,1,1
Mike Piazza,Brian Costello,1,1
Lee Smith,Brian Costello,0,0
Barry Bonds,Brian Costello,1,1
Jeff Kent,Brian Costello,0,0
Edgar Martinez,Brian Costello,0,0
Jeff Bagwell,Brian Costello,0,1
Mark McGwire,Brian Costello,1,1
Tim Raines,Brian Costello,0,0
Nomar Garciaparra,Brian Costello,0,0
Mike Mussina,Brian Costello,0,0
Gary Sheffield,Brian Costello,0,1
Fred McGriff,Brian Costello,0,0
Alan Trammell,Brian Costello,0,0
Sammy Sosa,Brian Costello,1,1
Larry Walker,Bruce Miles,0,0
Roger Clemens,Bruce Miles,0,0
Curt Schilling,Bruce Miles,1,1
Mike Piazza,Bruce Miles,1,1
Lee Smith,Bruce Miles,1,1
Barry Bonds,Bruce Miles,0,0
Jeff Kent,Bruce Miles,0,0
Edgar Martinez,Bruce Miles,0,1
Jeff Bagwell,Bruce Miles,1,1
Mark McGwire,Bruce Miles,0,0
Tim Raines,Bruce Miles,1,1
Nomar Garciaparra,Bruce Miles,0,0
Mike Mussina,Bruce Miles,0,1
Gary Sheffield,Bruce Miles,0,0
Fred McGriff,Bruce Miles,0,0
Alan Trammell,Bruce Miles,1,1
Sammy Sosa,Bruce Miles,0,0
Larry Walker,C Trent Rosecrans,1,1
Roger Clemens,C Trent Rosecrans,1,1
Curt Schilling,C Trent Rosecrans,1,1
Mike Piazza,C Trent Rosecrans,1,1
Lee Smith,C Trent Rosecrans,0,0
Barry Bonds,C Trent Rosecrans,1,1
Jeff Kent,C Trent Rosecrans,0,0
Edgar Martinez,C Trent Rosecrans,0,0
Jeff Bagwell,C Trent Rosecrans,1,1
Mark McGwire,C Trent Rosecrans,0,0
Tim Raines,C Trent Rosecrans,1,1
Nomar Garciaparra,C Trent Rosecrans,0,0
Mike Mussina,C Trent Rosecrans,1,1
Gary Sheffield,C Trent Rosecrans,0,0
Fred McGriff,C Trent Rosecrans,0,0
Alan Trammell,C Trent Rosecrans,0,1
Sammy Sosa,C Trent Rosecrans,0,0
Larry Walker,Carl Steward,0,0
Roger Clemens,Carl Steward,1,1
Curt Schilling,Carl Steward,0,1
Mike Piazza,Carl Steward,1,1
Lee Smith,Carl Steward,0,1
Barry Bonds,Carl Steward,1,1
Jeff Kent,Carl Steward,0,0
Edgar Martinez,Carl Steward,0,0
Jeff Bagwell,Carl Steward,1,1
Mark McGwire,Carl Steward,0,0
Tim Raines,Carl Steward,1,1
Nomar Garciaparra,Carl Steward,0,0
Mike Mussina,Carl Steward,0,0
Gary Sheffield,Carl Steward,0,0
Fred McGriff,Carl Steward,0,0
Alan Trammell,Carl Steward,1,1
Sammy Sosa,Carl Steward,0,0
Larry Walker,Carlos Frias,0,0
Roger Clemens,Carlos Frias,0,1
Curt Schilling,Carlos Frias,0,0
Mike Piazza,Carlos Frias,1,1
Lee Smith,Carlos Frias,0,0
Barry Bonds,Carlos Frias,0,1
Jeff Kent,Carlos Frias,0,0
Edgar Martinez,Carlos Frias,1,0
Jeff Bagwell,Carlos Frias,1,1
Mark McGwire,Carlos Frias,0,1
Tim Raines,Carlos Frias,1,1
Nomar Garciaparra,Carlos Frias,0,0
Mike Mussina,Carlos Frias,0,0
Gary Sheffield,Carlos Frias,0,0
Fred McGriff,Carlos Frias,0,0
Alan Trammell,Carlos Frias,0,0
Sammy Sosa,Carlos Frias,0,1
Larry Walker,Carrie Muskat,0,0
Roger Clemens,Carrie Muskat,0,1
Curt Schilling,Carrie Muskat,1,0
Mike Piazza,Carrie Muskat,0,0
Lee Smith,Carrie Muskat,0,0
Barry Bonds,Carrie Muskat,0,1
Jeff Kent,Carrie Muskat,0,0
Edgar Martinez,Carrie Muskat,0,0
Jeff Bagwell,Carrie Muskat,0,0
Mark McGwire,Carrie Muskat,0,0
Tim Raines,Carrie Muskat,1,1
Nomar Garciaparra,Carrie Muskat,0,0
Mike Mussina,Carrie Muskat,0,0
Gary Sheffield,Carrie Muskat,0,0
Fred McGriff,Carrie Muskat,0,0
Alan Trammell,Carrie Muskat,1,1
Sammy Sosa,Carrie Muskat,0,0
Larry Walker,Chris Assenheimer,0,0
Roger Clemens,Chris Assenheimer,0,0
Curt Schilling,Chris Assenheimer,0,0
Mike Piazza,Chris Assenheimer,1,1
Lee Smith,Chris Assenheimer,1,0
Barry Bonds,Chris Assenheimer,0,0
Jeff Kent,Chris Assenheimer,0,0
Edgar Martinez,Chris Assenheimer,0,0
Jeff Bagwell,Chris Assenheimer,0,0
Mark McGwire,Chris Assenheimer,0,0
Tim Raines,Chris Assenheimer,0,0
Nomar Garciaparra,Chris Assenheimer,1,0
Mike Mussina,Chris Assenheimer,0,0
Gary Sheffield,Chris Assenheimer,0,0
Fred McGriff,Chris Assenheimer,0,0
Alan Trammell,Chris Assenheimer,1,0
Sammy Sosa,Chris Assenheimer,0,0
Larry Walker,Chris Bahr,0,0
Roger Clemens,Chris Bahr,0,0
Curt Schilling,Chris Bahr,1,1
Mike Piazza,Chris Bahr,1,1
Lee Smith,Chris Bahr,1,1
Barry Bonds,Chris Bahr,0,0
Jeff Kent,Chris Bahr,0,0
Edgar Martinez,Chris Bahr,1,1
Jeff Bagwell,Chris Bahr,1,1
Mark McGwire,Chris Bahr,0,0
Tim Raines,Chris Bahr,1,1
Nomar Garciaparra,Chris Bahr,0,0
Mike Mussina,Chris Bahr,0,1
Gary Sheffield,Chris Bahr,0,0
Fred McGriff,Chris Bahr,0,0
Alan Trammell,Chris Bahr,0,1
Sammy Sosa,Chris Bahr,0,0
Larry Walker,Chris De Luca,0,0
Roger Clemens,Chris De Luca,1,1
Curt Schilling,Chris De Luca,0,0
Mike Piazza,Chris De Luca,1,1
Lee Smith,Chris De Luca,0,0
Barry Bonds,Chris De Luca,1,1
Jeff Kent,Chris De Luca,0,0
Edgar Martinez,Chris De Luca,0,0
Jeff Bagwell,Chris De Luca,0,0
Mark McGwire,Chris De Luca,0,0
Tim Raines,Chris De Luca,0,1
Nomar Garciaparra,Chris De Luca,0,0
Mike Mussina,Chris De Luca,0,0
Gary Sheffield,Chris De Luca,0,0
Fred McGriff,Chris De Luca,0,0
Alan Trammell,Chris De Luca,0,0
Sammy Sosa,Chris De Luca,1,1
Larry Walker,Chris Haft,0,0
Roger Clemens,Chris Haft,0,0
Curt Schilling,Chris Haft,0,1
Mike Piazza,Chris Haft,1,1
Lee Smith,Chris Haft,1,1
Barry Bonds,Chris Haft,0,0
Jeff Kent,Chris Haft,1,1
Edgar Martinez,Chris Haft,0,0
Jeff Bagwell,Chris Haft,1,1
Mark McGwire,Chris Haft,0,0
Tim Raines,Chris Haft,0,1
Nomar Garciaparra,Chris Haft,0,0
Mike Mussina,Chris Haft,0,0
Gary Sheffield,Chris Haft,0,1
Fred McGriff,Chris Haft,0,0
Alan Trammell,Chris Haft,0,1
Sammy Sosa,Chris Haft,0,0
Larry Walker,Dan Gelston,0,0
Roger Clemens,Dan Gelston,1,1
Curt Schilling,Dan Gelston,0,1
Mike Piazza,Dan Gelston,1,1
Lee Smith,Dan Gelston,0,0
Barry Bonds,Dan Gelston,1,1
Jeff Kent,Dan Gelston,0,0
Edgar Martinez,Dan Gelston,0,0
Jeff Bagwell,Dan Gelston,1,1
Mark McGwire,Dan Gelston,0,0
Tim Raines,Dan Gelston,1,1
Nomar Garciaparra,Dan Gelston,0,0
Mike Mussina,Dan Gelston,0,0
Gary Sheffield,Dan Gelston,0,0
Fred McGriff,Dan Gelston,0,0
Alan Trammell,Dan Gelston,0,0
Sammy Sosa,Dan Gelston,0,0
Larry Walker,Dan Shaughnessy,0,0
Roger Clemens,Dan Shaughnessy,0,0
Curt Schilling,Dan Shaughnessy,1,1
Mike Piazza,Dan Shaughnessy,0,0
Lee Smith,Dan Shaughnessy,0,0
Barry Bonds,Dan Shaughnessy,0,0
Jeff Kent,Dan Shaughnessy,0,0
Edgar Martinez,Dan Shaughnessy,0,0
Jeff Bagwell,Dan Shaughnessy,0,0
Mark McGwire,Dan Shaughnessy,0,0
Tim Raines,Dan Shaughnessy,1,1
Nomar Garciaparra,Dan Shaughnessy,0,0
Mike Mussina,Dan Shaughnessy,0,0
Gary Sheffield,Dan Shaughnessy,0,0
Fred McGriff,Dan Shaughnessy,0,0
Alan Trammell,Dan Shaughnessy,1,1
Sammy Sosa,Dan Shaughnessy,0,0
Larry Walker,Danny Knobler,0,0
Roger Clemens,Danny Knobler,1,1
Curt Schilling,Danny Knobler,1,1
Mike Piazza,Danny Knobler,1,1
Lee Smith,Danny Knobler,0,0
Barry Bonds,Danny Knobler,1,1
Jeff Kent,Danny Knobler,0,0
Edgar Martinez,Danny Knobler,0,0
Jeff Bagwell,Danny Knobler,0,0
Mark McGwire,Danny Knobler,1,1
Tim Raines,Danny Knobler,1,1
Nomar Garciaparra,Danny Knobler,0,0
Mike Mussina,Danny Knobler,0,0
Gary Sheffield,Danny Knobler,0,0
Fred McGriff,Danny Knobler,0,0
Alan Trammell,Danny Knobler,1,1
Sammy Sosa,Danny Knobler,0,0
Larry Walker,Dave Krieger,1,1
Roger Clemens,Dave Krieger,0,0
Curt Schilling,Dave Krieger,1,1
Mike Piazza,Dave Krieger,1,1
Lee Smith,Dave Krieger,0,0
Barry Bonds,Dave Krieger,0,0
Jeff Kent,Dave Krieger,0,0
Edgar Martinez,Dave Krieger,0,1
Jeff Bagwell,Dave Krieger,1,1
Mark McGwire,Dave Krieger,0,0
Tim Raines,Dave Krieger,1,1
Nomar Garciaparra,Dave Krieger,0,0
Mike Mussina,Dave Krieger,1,1
Gary Sheffield,Dave Krieger,0,1
Fred McGriff,Dave Krieger,0,0
Alan Trammell,Dave Krieger,1,1
Sammy Sosa,Dave Krieger,0,0
Larry Walker,David Borges,0,0
Roger Clemens,David Borges,1,1
Curt Schilling,David Borges,1,1
Mike Piazza,David Borges,1,1
Lee Smith,David Borges,0,0
Barry Bonds,David Borges,1,1
Jeff Kent,David Borges,0,0
Edgar Martinez,David Borges,0,0
Jeff Bagwell,David Borges,0,0
Mark McGwire,David Borges,1,1
Tim Raines,David Borges,0,0
Nomar Garciaparra,David Borges,0,0
Mike Mussina,David Borges,0,0
Gary Sheffield,David Borges,0,0
Fred McGriff,David Borges,0,0
Alan Trammell,David Borges,0,0
Sammy Sosa,David Borges,0,1
Larry Walker,David Lennon,0,0
Roger Clemens,David Lennon,1,1
Curt Schilling,David Lennon,1,1
Mike Piazza,David Lennon,1,1
Lee Smith,David Lennon,0,0
Barry Bonds,David Lennon,1,1
Jeff Kent,David Lennon,0,0
Edgar Martinez,David Lennon,0,1
Jeff Bagwell,David Lennon,1,1
Mark McGwire,David Lennon,0,0
Tim Raines,David Lennon,1,1
Nomar Garciaparra,David Lennon,0,0
Mike Mussina,David Lennon,0,1
Gary Sheffield,David Lennon,0,0
Fred McGriff,David Lennon,0,0
Alan Trammell,David Lennon,0,0
Sammy Sosa,David Lennon,0,0
Larry Walker,Derrick Goold,1,1
Roger Clemens,Derrick Goold,0,0
Curt Schilling,Derrick Goold,1,1
Mike Piazza,Derrick Goold,1,1
Lee Smith,Derrick Goold,0,0
Barry Bonds,Derrick Goold,0,0
Jeff Kent,Derrick Goold,0,0
Edgar Martinez,Derrick Goold,0,1
Jeff Bagwell,Derrick Goold,1,1
Mark McGwire,Derrick Goold,0,0
Tim Raines,Derrick Goold,1,1
Nomar Garciaparra,Derrick Goold,0,0
Mike Mussina,Derrick Goold,1,1
Gary Sheffield,Derrick Goold,0,0
Fred McGriff,Derrick Goold,0,0
Alan Trammell,Derrick Goold,0,1
Sammy Sosa,Derrick Goold,0,0
Larry Walker,Don Burke,0,0
Roger Clemens,Don Burke,0,0
Curt Schilling,Don Burke,0,0
Mike Piazza,Don Burke,1,1
Lee Smith,Don Burke,0,0
Barry Bonds,Don Burke,0,0
Jeff Kent,Don Burke,1,1
Edgar Martinez,Don Burke,1,1
Jeff Bagwell,Don Burke,1,1
Mark McGwire,Don Burke,0,0
Tim Raines,Don Burke,1,1
Nomar Garciaparra,Don Burke,0,0
Mike Mussina,Don Burke,0,0
Gary Sheffield,Don Burke,0,0
Fred McGriff,Don Burke,0,0
Alan Trammell,Don Burke,0,0
Sammy Sosa,Don Burke,0,0
Larry Walker,Ed Hilt,0,0
Roger Clemens,Ed Hilt,0,0
Curt Schilling,Ed Hilt,0,0
Mike Piazza,Ed Hilt,1,1
Lee Smith,Ed Hilt,1,1
Barry Bonds,Ed Hilt,0,0
Jeff Kent,Ed Hilt,0,0
Edgar Martinez,Ed Hilt,1,1
Jeff Bagwell,Ed Hilt,1,1
Mark McGwire,Ed Hilt,1,0
Tim Raines,Ed Hilt,1,1
Nomar Garciaparra,Ed Hilt,0,0
Mike Mussina,Ed Hilt,0,0
Gary Sheffield,Ed Hilt,0,0
Fred McGriff,Ed Hilt,0,1
Alan Trammell,Ed Hilt,0,0
Sammy Sosa,Ed Hilt,0,0
Larry Walker,Eric Nunez,0,0
Roger Clemens,Eric Nunez,1,1
Curt Schilling,Eric Nunez,0,1
Mike Piazza,Eric Nunez,1,1
Lee Smith,Eric Nunez,0,0
Barry Bonds,Eric Nunez,1,1
Jeff Kent,Eric Nunez,0,0
Edgar Martinez,Eric Nunez,0,1
Jeff Bagwell,Eric Nunez,1,1
Mark McGwire,Eric Nunez,0,0
Tim Raines,Eric Nunez,1,1
Nomar Garciaparra,Eric Nunez,0,0
Mike Mussina,Eric Nunez,1,1
Gary Sheffield,Eric Nunez,0,0
Fred McGriff,Eric Nunez,0,0
Alan Trammell,Eric Nunez,0,1
Sammy Sosa,Eric Nunez,0,0
Larry Walker,Evan Grant,1,1
Roger Clemens,Evan Grant,0,0
Curt Schilling,Evan Grant,0,1
Mike Piazza,Evan Grant,1,1
Lee Smith,Evan Grant,0,0
Barry Bonds,Evan Grant,0,0
Jeff Kent,Evan Grant,0,0
Edgar Martinez,Evan Grant,0,1
Jeff Bagwell,Evan Grant,1,1
Mark McGwire,Evan Grant,0,0
Tim Raines,Evan Grant,1,1
Nomar Garciaparra,Evan Grant,0,0
Mike Mussina,Evan Grant,1,1
Gary Sheffield,Evan Grant,0,0
Fred McGriff,Evan Grant,0,0
Alan Trammell,Evan Grant,1,1
Sammy Sosa,Evan Grant,0,0
Larry Walker,Gabe Lacques,0,1
Roger Clemens,Gabe Lacques,1,1
Curt Schilling,Gabe Lacques,0,0
Mike Piazza,Gabe Lacques,1,1
Lee Smith,Gabe Lacques,0,0
Barry Bonds,Gabe Lacques,1,1
Jeff Kent,Gabe Lacques,0,0
Edgar Martinez,Gabe Lacques,0,0
Jeff Bagwell,Gabe Lacques,0,1
Mark McGwire,Gabe Lacques,0,0
Tim Raines,Gabe Lacques,1,1
Nomar Garciaparra,Gabe Lacques,0,0
Mike Mussina,Gabe Lacques,0,0
Gary Sheffield,Gabe Lacques,1,1
Fred McGriff,Gabe Lacques,0,0
Alan Trammell,Gabe Lacques,1,1
Sammy Sosa,Gabe Lacques,0,0
Larry Walker,Garry Brown,0,0
Roger Clemens,Garry Brown,0,0
Curt Schilling,Garry Brown,0,1
Mike Piazza,Garry Brown,1,1
Lee Smith,Garry Brown,0,0
Barry Bonds,Garry Brown,0,0
Jeff Kent,Garry Brown,0,0
Edgar Martinez,Garry Brown,1,1
Jeff Bagwell,Garry Brown,1,1
Mark McGwire,Garry Brown,0,0
Tim Raines,Garry Brown,1,1
Nomar Garciaparra,Garry Brown,0,0
Mike Mussina,Garry Brown,0,0
Gary Sheffield,Garry Brown,0,0
Fred McGriff,Garry Brown,0,0
Alan Trammell,Garry Brown,0,0
Sammy Sosa,Garry Brown,0,0
Larry Walker,Garry D Howard,0,0
Roger Clemens,Garry D Howard,1,1
Curt Schilling,Garry D Howard,0,1
Mike Piazza,Garry D Howard,1,1
Lee Smith,Garry D Howard,0,1
Barry Bonds,Garry D Howard,1,1
Jeff Kent,Garry D Howard,0,0
Edgar Martinez,Garry D Howard,0,0
Jeff Bagwell,Garry D Howard,0,1
Mark McGwire,Garry D Howard,1,0
Tim Raines,Garry D Howard,0,1
Nomar Garciaparra,Garry D Howard,0,0
Mike Mussina,Garry D Howard,1,0
Gary Sheffield,Garry D Howard,1,1
Fred McGriff,Garry D Howard,0,0
Alan Trammell,Garry D Howard,0,0
Sammy Sosa,Garry D Howard,0,0
Larry Walker,Hal Bodley,0,0
Roger Clemens,Hal Bodley,0,0
Curt Schilling,Hal Bodley,0,0
Mike Piazza,Hal Bodley,0,1
Lee Smith,Hal Bodley,0,0
Barry Bonds,Hal Bodley,0,0
Jeff Kent,Hal Bodley,0,0
Edgar Martinez,Hal Bodley,0,0
Jeff Bagwell,Hal Bodley,0,0
Mark McGwire,Hal Bodley,0,0
Tim Raines,Hal Bodley,0,0
Nomar Garciaparra,Hal Bodley,0,0
Mike Mussina,Hal Bodley,0,0
Gary Sheffield,Hal Bodley,0,0
Fred McGriff,Hal Bodley,1,1
Alan Trammell,Hal Bodley,0,0
Sammy Sosa,Hal Bodley,0,0
Larry Walker,Howard Bryant,0,0
Roger Clemens,Howard Bryant,0,0
Curt Schilling,Howard Bryant,0,0
Mike Piazza,Howard Bryant,0,0
Lee Smith,Howard Bryant,0,0
Barry Bonds,Howard Bryant,0,0
Jeff Kent,Howard Bryant,0,0
Edgar Martinez,Howard Bryant,0,0
Jeff Bagwell,Howard Bryant,0,0
Mark McGwire,Howard Bryant,0,0
Tim Raines,Howard Bryant,1,1
Nomar Garciaparra,Howard Bryant,0,0
Mike Mussina,Howard Bryant,0,1
Gary Sheffield,Howard Bryant,0,0
Fred McGriff,Howard Bryant,0,1
Alan Trammell,Howard Bryant,0,0
Sammy Sosa,Howard Bryant,0,0
Larry Walker,Ian OConnor,0,0
Roger Clemens,Ian OConnor,1,1
Curt Schilling,Ian OConnor,1,1
Mike Piazza,Ian OConnor,1,1
Lee Smith,Ian OConnor,0,1
Barry Bonds,Ian OConnor,1,1
Jeff Kent,Ian OConnor,0,0
Edgar Martinez,Ian OConnor,0,0
Jeff Bagwell,Ian OConnor,1,1
Mark McGwire,Ian OConnor,0,0
Tim Raines,Ian OConnor,1,1
Nomar Garciaparra,Ian OConnor,0,0
Mike Mussina,Ian OConnor,0,1
Gary Sheffield,Ian OConnor,0,0
Fred McGriff,Ian OConnor,0,0
Alan Trammell,Ian OConnor,0,0
Sammy Sosa,Ian OConnor,0,0
Larry Walker,Jack Curry,0,1
Roger Clemens,Jack Curry,0,0
Curt Schilling,Jack Curry,1,1
Mike Piazza,Jack Curry,1,1
Lee Smith,Jack Curry,0,0
Barry Bonds,Jack Curry,0,0
Jeff Kent,Jack Curry,0,1
Edgar Martinez,Jack Curry,1,1
Jeff Bagwell,Jack Curry,1,1
Mark McGwire,Jack Curry,0,0
Tim Raines,Jack Curry,1,1
Nomar Garciaparra,Jack Curry,0,0
Mike Mussina,Jack Curry,1,1
Gary Sheffield,Jack Curry,0,0
Fred McGriff,Jack Curry,0,0
Alan Trammell,Jack Curry,0,1
Sammy Sosa,Jack Curry,0,0
Larry Walker,Jack McCaffery,0,0
Roger Clemens,Jack McCaffery,1,1
Curt Schilling,Jack McCaffery,0,0
Mike Piazza,Jack McCaffery,1,1
Lee Smith,Jack McCaffery,0,1
Barry Bonds,Jack McCaffery,1,1
Jeff Kent,Jack McCaffery,0,0
Edgar Martinez,Jack McCaffery,0,0
Jeff Bagwell,Jack McCaffery,0,1
Mark McGwire,Jack McCaffery,1,1
Tim Raines,Jack McCaffery,0,0
Nomar Garciaparra,Jack McCaffery,0,0
Mike Mussina,Jack McCaffery,0,0
Gary Sheffield,Jack McCaffery,0,0
Fred McGriff,Jack McCaffery,0,0
Alan Trammell,Jack McCaffery,1,1
Sammy Sosa,Jack McCaffery,0,0
Larry Walker,Jay Dunn,0,0
Roger Clemens,Jay Dunn,0,0
Curt Schilling,Jay Dunn,1,1
Mike Piazza,Jay Dunn,1,1
Lee Smith,Jay Dunn,1,1
Barry Bonds,Jay Dunn,0,0
Jeff Kent,Jay Dunn,0,0
Edgar Martinez,Jay Dunn,0,1
Jeff Bagwell,Jay Dunn,0,1
Mark McGwire,Jay Dunn,0,0
Tim Raines,Jay Dunn,0,1
Nomar Garciaparra,Jay Dunn,1,1
Mike Mussina,Jay Dunn,0,0
Gary Sheffield,Jay Dunn,1,0
Fred McGriff,Jay Dunn,1,1
Alan Trammell,Jay Dunn,0,0
Sammy Sosa,Jay Dunn,0,0
Larry Walker,Jay Greenberg,0,0
Roger Clemens,Jay Greenberg,0,0
Curt Schilling,Jay Greenberg,1,1
Mike Piazza,Jay Greenberg,1,1
Lee Smith,Jay Greenberg,1,1
Barry Bonds,Jay Greenberg,0,0
Jeff Kent,Jay Greenberg,0,0
Edgar Martinez,Jay Greenberg,1,1
Jeff Bagwell,Jay Greenberg,0,1
Mark McGwire,Jay Greenberg,0,0
Tim Raines,Jay Greenberg,1,1
Nomar Garciaparra,Jay Greenberg,0,0
Mike Mussina,Jay Greenberg,0,0
Gary Sheffield,Jay Greenberg,0,0
Fred McGriff,Jay Greenberg,0,0
Alan Trammell,Jay Greenberg,1,1
Sammy Sosa,Jay Greenberg,0,0
Larry Walker,Jeff Jacobs,0,0
Roger Clemens,Jeff Jacobs,0,0
Curt Schilling,Jeff Jacobs,1,1
Mike Piazza,Jeff Jacobs,1,1
Lee Smith,Jeff Jacobs,0,0
Barry Bonds,Jeff Jacobs,0,0
Jeff Kent,Jeff Jacobs,0,0
Edgar Martinez,Jeff Jacobs,1,1
Jeff Bagwell,Jeff Jacobs,1,1
Mark McGwire,Jeff Jacobs,0,0
Tim Raines,Jeff Jacobs,1,1
Nomar Garciaparra,Jeff Jacobs,0,0
Mike Mussina,Jeff Jacobs,1,1
Gary Sheffield,Jeff Jacobs,0,0
Fred McGriff,Jeff Jacobs,0,0
Alan Trammell,Jeff Jacobs,0,0
Sammy Sosa,Jeff Jacobs,0,0
Larry Walker,Jeff Passan,0,0
Roger Clemens,Jeff Passan,1,1
Curt Schilling,Jeff Passan,1,1
Mike Piazza,Jeff Passan,1,1
Lee Smith,Jeff Passan,0,0
Barry Bonds,Jeff Passan,1,1
Jeff Kent,Jeff Passan,0,0
Edgar Martinez,Jeff Passan,0,1
Jeff Bagwell,Jeff Passan,1,1
Mark McGwire,Jeff Passan,0,0
Tim Raines,Jeff Passan,1,1
Nomar Garciaparra,Jeff Passan,0,0
Mike Mussina,Jeff Passan,0,1
Gary Sheffield,Jeff Passan,0,0
Fred McGriff,Jeff Passan,0,0
Alan Trammell,Jeff Passan,0,0
Sammy Sosa,Jeff Passan,0,0
Larry Walker,Jeff Schultz,0,0
Roger Clemens,Jeff Schultz,0,0
Curt Schilling,Jeff Schultz,1,0
Mike Piazza,Jeff Schultz,0,0
Lee Smith,Jeff Schultz,0,1
Barry Bonds,Jeff Schultz,0,0
Jeff Kent,Jeff Schultz,0,0
Edgar Martinez,Jeff Schultz,0,0
Jeff Bagwell,Jeff Schultz,0,0
Mark McGwire,Jeff Schultz,0,0
Tim Raines,Jeff Schultz,1,1
Nomar Garciaparra,Jeff Schultz,0,0
Mike Mussina,Jeff Schultz,0,0
Gary Sheffield,Jeff Schultz,0,0
Fred McGriff,Jeff Schultz,1,1
Alan Trammell,Jeff Schultz,1,1
Sammy Sosa,Jeff Schultz,0,0
Larry Walker,Jeffrey Flanagan,0,0
Roger Clemens,Jeffrey Flanagan,1,1
Curt Schilling,Jeffrey Flanagan,0,0
Mike Piazza,Jeffrey Flanagan,1,1
Lee Smith,Jeffrey Flanagan,1,1
Barry Bonds,Jeffrey Flanagan,1,1
Jeff Kent,Jeffrey Flanagan,0,0
Edgar Martinez,Jeffrey Flanagan,0,0
Jeff Bagwell,Jeffrey Flanagan,0,1
Mark McGwire,Jeffrey Flanagan,1,1
Tim Raines,Jeffrey Flanagan,1,1
Nomar Garciaparra,Jeffrey Flanagan,0,0
Mike Mussina,Jeffrey Flanagan,0,0
Gary Sheffield,Jeffrey Flanagan,0,0
Fred McGriff,Jeffrey Flanagan,0,0
Alan Trammell,Jeffrey Flanagan,0,0
Sammy Sosa,Jeffrey Flanagan,1,1
Larry Walker,Jerry Crasnick,0,0
Roger Clemens,Jerry Crasnick,0,1
Curt Schilling,Jerry Crasnick,1,1
Mike Piazza,Jerry Crasnick,1,1
Lee Smith,Jerry Crasnick,0,0
Barry Bonds,Jerry Crasnick,0,1
Jeff Kent,Jerry Crasnick,0,0
Edgar Martinez,Jerry Crasnick,1,1
Jeff Bagwell,Jerry Crasnick,1,1
Mark McGwire,Jerry Crasnick,0,0
Tim Raines,Jerry Crasnick,1,1
Nomar Garciaparra,Jerry Crasnick,0,0
Mike Mussina,Jerry Crasnick,1,1
Gary Sheffield,Jerry Crasnick,0,0
Fred McGriff,Jerry Crasnick,0,0
Alan Trammell,Jerry Crasnick,0,0
Sammy Sosa,Jerry Crasnick,0,0
Larry Walker,Jerry Green,0,0
Roger Clemens,Jerry Green,1,1
Curt Schilling,Jerry Green,0,0
Mike Piazza,Jerry Green,1,1
Lee Smith,Jerry Green,0,0
Barry Bonds,Jerry Green,0,1
Jeff Kent,Jerry Green,0,0
Edgar Martinez,Jerry Green,1,1
Jeff Bagwell,Jerry Green,0,1
Mark McGwire,Jerry Green,1,1
Tim Raines,Jerry Green,1,1
Nomar Garciaparra,Jerry Green,0,0
Mike Mussina,Jerry Green,0,0
Gary Sheffield,Jerry Green,1,1
Fred McGriff,Jerry Green,0,0
Alan Trammell,Jerry Green,1,1
Sammy Sosa,Jerry Green,0,0
Larry Walker,Joe Haakenson,0,0
Roger Clemens,Joe Haakenson,0,0
Curt Schilling,Joe Haakenson,1,1
Mike Piazza,Joe Haakenson,1,1
Lee Smith,Joe Haakenson,0,1
Barry Bonds,Joe Haakenson,0,0
Jeff Kent,Joe Haakenson,0,0
Edgar Martinez,Joe Haakenson,0,1
Jeff Bagwell,Joe Haakenson,1,1
Mark McGwire,Joe Haakenson,0,0
Tim Raines,Joe Haakenson,1,1
Nomar Garciaparra,Joe Haakenson,0,0
Mike Mussina,Joe Haakenson,0,0
Gary Sheffield,Joe Haakenson,0,0
Fred McGriff,Joe Haakenson,1,1
Alan Trammell,Joe Haakenson,1,1
Sammy Sosa,Joe Haakenson,0,0
Larry Walker,Joe Henderson,0,0
Roger Clemens,Joe Henderson,1,1
Curt Schilling,Joe Henderson,0,1
Mike Piazza,Joe Henderson,1,1
Lee Smith,Joe Henderson,0,0
Barry Bonds,Joe Henderson,1,1
Jeff Kent,Joe Henderson,0,0
Edgar Martinez,Joe Henderson,0,0
Jeff Bagwell,Joe Henderson,1,1
Mark McGwire,Joe Henderson,0,0
Tim Raines,Joe Henderson,0,1
Nomar Garciaparra,Joe Henderson,0,0
Mike Mussina,Joe Henderson,0,1
Gary Sheffield,Joe Henderson,0,0
Fred McGriff,Joe Henderson,0,1
Alan Trammell,Joe Henderson,0,0
Sammy Sosa,Joe Henderson,0,0
Larry Walker,John Altavilla,0,0
Roger Clemens,John Altavilla,0,0
Curt Schilling,John Altavilla,0,0
Mike Piazza,John Altavilla,1,1
Lee Smith,John Altavilla,0,1
Barry Bonds,John Altavilla,0,0
Jeff Kent,John Altavilla,0,0
Edgar Martinez,John Altavilla,1,1
Jeff Bagwell,John Altavilla,0,0
Mark McGwire,John Altavilla,0,0
Tim Raines,John Altavilla,0,1
Nomar Garciaparra,John Altavilla,0,0
Mike Mussina,John Altavilla,0,0
Gary Sheffield,John Altavilla,0,0
Fred McGriff,John Altavilla,0,0
Alan Trammell,John Altavilla,0,0
Sammy Sosa,John Altavilla,0,0
Larry Walker,John Delcos,0,0
Roger Clemens,John Delcos,0,0
Curt Schilling,John Delcos,0,0
Mike Piazza,John Delcos,1,1
Lee Smith,John Delcos,1,1
Barry Bonds,John Delcos,0,0
Jeff Kent,John Delcos,0,0
Edgar Martinez,John Delcos,1,1
Jeff Bagwell,John Delcos,1,1
Mark McGwire,John Delcos,0,0
Tim Raines,John Delcos,1,1
Nomar Garciaparra,John Delcos,0,0
Mike Mussina,John Delcos,1,1
Gary Sheffield,John Delcos,0,0
Fred McGriff,John Delcos,0,1
Alan Trammell,John Delcos,0,0
Sammy Sosa,John Delcos,0,0
Larry Walker,John Harper,0,0
Roger Clemens,John Harper,0,0
Curt Schilling,John Harper,1,1
Mike Piazza,John Harper,1,1
Lee Smith,John Harper,0,0
Barry Bonds,John Harper,0,0
Jeff Kent,John Harper,0,1
Edgar Martinez,John Harper,1,1
Jeff Bagwell,John Harper,1,1
Mark McGwire,John Harper,0,0
Tim Raines,John Harper,1,1
Nomar Garciaparra,John Harper,0,0
Mike Mussina,John Harper,0,0
Gary Sheffield,John Harper,0,1
Fred McGriff,John Harper,0,0
Alan Trammell,John Harper,1,1
Sammy Sosa,John Harper,0,0
Larry Walker,John Tomase,0,0
Roger Clemens,John Tomase,1,1
Curt Schilling,John Tomase,1,1
Mike Piazza,John Tomase,1,1
Lee Smith,John Tomase,0,0
Barry Bonds,John Tomase,1,1
Jeff Kent,John Tomase,0,0
Edgar Martinez,John Tomase,0,1
Jeff Bagwell,John Tomase,0,1
Mark McGwire,John Tomase,1,1
Tim Raines,John Tomase,0,0
Nomar Garciaparra,John Tomase,0,0
Mike Mussina,John Tomase,0,0
Gary Sheffield,John Tomase,1,1
Fred McGriff,John Tomase,0,0
Alan Trammell,John Tomase,1,1
Sammy Sosa,John Tomase,0,0
Larry Walker,Jon Heyman,0,0
Roger Clemens,Jon Heyman,0,0
Curt Schilling,Jon Heyman,1,1
Mike Piazza,Jon Heyman,0,0
Lee Smith,Jon Heyman,0,0
Barry Bonds,Jon Heyman,0,1
Jeff Kent,Jon Heyman,0,0
Edgar Martinez,Jon Heyman,0,0
Jeff Bagwell,Jon Heyman,0,0
Mark McGwire,Jon Heyman,0,0
Tim Raines,Jon Heyman,1,1
Nomar Garciaparra,Jon Heyman,0,0
Mike Mussina,Jon Heyman,0,1
Gary Sheffield,Jon Heyman,0,0
Fred McGriff,Jon Heyman,1,1
Alan Trammell,Jon Heyman,1,1
Sammy Sosa,Jon Heyman,0,0
Larry Walker,Jose de Jesus Ortiz,0,0
Roger Clemens,Jose de Jesus Ortiz,1,1
Curt Schilling,Jose de Jesus Ortiz,0,0
Mike Piazza,Jose de Jesus Ortiz,1,1
Lee Smith,Jose de Jesus Ortiz,0,1
Barry Bonds,Jose de Jesus Ortiz,1,1
Jeff Kent,Jose de Jesus Ortiz,1,1
Edgar Martinez,Jose de Jesus Ortiz,0,0
Jeff Bagwell,Jose de Jesus Ortiz,1,1
Mark McGwire,Jose de Jesus Ortiz,0,0
Tim Raines,Jose de Jesus Ortiz,1,1
Nomar Garciaparra,Jose de Jesus Ortiz,0,0
Mike Mussina,Jose de Jesus Ortiz,0,0
Gary Sheffield,Jose de Jesus Ortiz,0,0
Fred McGriff,Jose de Jesus Ortiz,0,0
Alan Trammell,Jose de Jesus Ortiz,0,0
Sammy Sosa,Jose de Jesus Ortiz,0,0
Larry Walker,Josh Dubow,0,0
Roger Clemens,Josh Dubow,1,1
Curt Schilling,Josh Dubow,1,1
Mike Piazza,Josh Dubow,1,1
Lee Smith,Josh Dubow,0,0
Barry Bonds,Josh Dubow,1,1
Jeff Kent,Josh Dubow,0,0
Edgar Martinez,Josh Dubow,0,1
Jeff Bagwell,Josh Dubow,1,1
Mark McGwire,Josh Dubow,0,0
Tim Raines,Josh Dubow,1,1
Nomar Garciaparra,Josh Dubow,0,0
Mike Mussina,Josh Dubow,0,1
Gary Sheffield,Josh Dubow,0,0
Fred McGriff,Josh Dubow,0,0
Alan Trammell,Josh Dubow,0,1
Sammy Sosa,Josh Dubow,0,0
Larry Walker,Juan Vene,0,0
Roger Clemens,Juan Vene,0,0
Curt Schilling,Juan Vene,0,0
Mike Piazza,Juan Vene,0,1
Lee Smith,Juan Vene,1,1
Barry Bonds,Juan Vene,0,0
Jeff Kent,Juan Vene,0,0
Edgar Martinez,Juan Vene,0,0
Jeff Bagwell,Juan Vene,0,0
Mark McGwire,Juan Vene,0,0
Tim Raines,Juan Vene,0,0
Nomar Garciaparra,Juan Vene,0,0
Mike Mussina,Juan Vene,0,0
Gary Sheffield,Juan Vene,0,0
Fred McGriff,Juan Vene,1,0
Alan Trammell,Juan Vene,0,0
Sammy Sosa,Juan Vene,0,0
Larry Walker,Ken Davidoff,1,1
Roger Clemens,Ken Davidoff,1,1
Curt Schilling,Ken Davidoff,1,1
Mike Piazza,Ken Davidoff,1,1
Lee Smith,Ken Davidoff,0,0
Barry Bonds,Ken Davidoff,1,1
Jeff Kent,Ken Davidoff,0,0
Edgar Martinez,Ken Davidoff,0,1
Jeff Bagwell,Ken Davidoff,1,1
Mark McGwire,Ken Davidoff,0,0
Tim Raines,Ken Davidoff,0,0
Nomar Garciaparra,Ken Davidoff,0,0
Mike Mussina,Ken Davidoff,1,1
Gary Sheffield,Ken Davidoff,0,0
Fred McGriff,Ken Davidoff,0,0
Alan Trammell,Ken Davidoff,1,1
Sammy Sosa,Ken Davidoff,0,0
Larry Walker,Ken Rosenthal,0,0
Roger Clemens,Ken Rosenthal,0,1
Curt Schilling,Ken Rosenthal,1,1
Mike Piazza,Ken Rosenthal,1,1
Lee Smith,Ken Rosenthal,0,0
Barry Bonds,Ken Rosenthal,0,1
Jeff Kent,Ken Rosenthal,0,0
Edgar Martinez,Ken Rosenthal,1,1
Jeff Bagwell,Ken Rosenthal,1,1
Mark McGwire,Ken Rosenthal,0,0
Tim Raines,Ken Rosenthal,1,1
Nomar Garciaparra,Ken Rosenthal,0,0
Mike Mussina,Ken Rosenthal,1,1
Gary Sheffield,Ken Rosenthal,0,0
Fred McGriff,Ken Rosenthal,0,0
Alan Trammell,Ken Rosenthal,0,0
Sammy Sosa,Ken Rosenthal,0,0
Larry Walker,Kevin Cooney,0,0
Roger Clemens,Kevin Cooney,0,0
Curt Schilling,Kevin Cooney,1,1
Mike Piazza,Kevin Cooney,1,1
Lee Smith,Kevin Cooney,0,1
Barry Bonds,Kevin Cooney,0,0
Jeff Kent,Kevin Cooney,0,0
Edgar Martinez,Kevin Cooney,0,0
Jeff Bagwell,Kevin Cooney,1,1
Mark McGwire,Kevin Cooney,0,0
Tim Raines,Kevin Cooney,1,1
Nomar Garciaparra,Kevin Cooney,0,0
Mike Mussina,Kevin Cooney,1,1
Gary Sheffield,Kevin Cooney,0,0
Fred McGriff,Kevin Cooney,0,1
Alan Trammell,Kevin Cooney,0,0
Sammy Sosa,Kevin Cooney,0,0
Larry Walker,Larry Stone,0,0
Roger Clemens,Larry Stone,1,1
Curt Schilling,Larry Stone,0,1
Mike Piazza,Larry Stone,1,1
Lee Smith,Larry Stone,0,0
Barry Bonds,Larry Stone,1,1
Jeff Kent,Larry Stone,0,0
Edgar Martinez,Larry Stone,1,1
Jeff Bagwell,Larry Stone,1,1
Mark McGwire,Larry Stone,0,0
Tim Raines,Larry Stone,1,1
Nomar Garciaparra,Larry Stone,0,0
Mike Mussina,Larry Stone,0,1
Gary Sheffield,Larry Stone,0,0
Fred McGriff,Larry Stone,0,0
Alan Trammell,Larry Stone,0,1
Sammy Sosa,Larry Stone,0,0
Larry Walker,Lyle Spencer,0,1
Roger Clemens,Lyle Spencer,0,0
Curt Schilling,Lyle Spencer,1,1
Mike Piazza,Lyle Spencer,1,1
Lee Smith,Lyle Spencer,0,0
Barry Bonds,Lyle Spencer,0,0
Jeff Kent,Lyle Spencer,0,0
Edgar Martinez,Lyle Spencer,0,0
Jeff Bagwell,Lyle Spencer,0,1
Mark McGwire,Lyle Spencer,0,0
Tim Raines,Lyle Spencer,1,1
Nomar Garciaparra,Lyle Spencer,0,0
Mike Mussina,Lyle Spencer,1,1
Gary Sheffield,Lyle Spencer,0,0
Fred McGriff,Lyle Spencer,1,1
Alan Trammell,Lyle Spencer,1,1
Sammy Sosa,Lyle Spencer,0,0
Larry Walker,Marc Lancaster,1,0
Roger Clemens,Marc Lancaster,0,1
Curt Schilling,Marc Lancaster,1,1
Mike Piazza,Marc Lancaster,1,1
Lee Smith,Marc Lancaster,0,0
Barry Bonds,Marc Lancaster,0,1
Jeff Kent,Marc Lancaster,0,0
Edgar Martinez,Marc Lancaster,1,1
Jeff Bagwell,Marc Lancaster,1,1
Mark McGwire,Marc Lancaster,0,0
Tim Raines,Marc Lancaster,0,1
Nomar Garciaparra,Marc Lancaster,0,0
Mike Mussina,Marc Lancaster,0,0
Gary Sheffield,Marc Lancaster,0,0
Fred McGriff,Marc Lancaster,0,0
Alan Trammell,Marc Lancaster,1,1
Sammy Sosa,Marc Lancaster,0,0
Larry Walker,Marc Topkin,0,0
Roger Clemens,Marc Topkin,1,1
Curt Schilling,Marc Topkin,0,0
Mike Piazza,Marc Topkin,1,1
Lee Smith,Marc Topkin,0,1
Barry Bonds,Marc Topkin,1,1
Jeff Kent,Marc Topkin,0,0
Edgar Martinez,Marc Topkin,0,0
Jeff Bagwell,Marc Topkin,1,1
Mark McGwire,Marc Topkin,0,1
Tim Raines,Marc Topkin,0,0
Nomar Garciaparra,Marc Topkin,0,0
Mike Mussina,Marc Topkin,0,0
Gary Sheffield,Marc Topkin,1,1
Fred McGriff,Marc Topkin,1,1
Alan Trammell,Marc Topkin,0,0
Sammy Sosa,Marc Topkin,0,0
Larry Walker,Mark Faller,0,0
Roger Clemens,Mark Faller,0,0
Curt Schilling,Mark Faller,1,1
Mike Piazza,Mark Faller,1,1
Lee Smith,Mark Faller,0,0
Barry Bonds,Mark Faller,0,0
Jeff Kent,Mark Faller,0,0
Edgar Martinez,Mark Faller,1,1
Jeff Bagwell,Mark Faller,1,1
Mark McGwire,Mark Faller,0,0
Tim Raines,Mark Faller,1,1
Nomar Garciaparra,Mark Faller,0,0
Mike Mussina,Mark Faller,1,1
Gary Sheffield,Mark Faller,0,0
Fred McGriff,Mark Faller,0,0
Alan Trammell,Mark Faller,0,0
Sammy Sosa,Mark Faller,0,0
Larry Walker,Mark Gonzales,0,0
Roger Clemens,Mark Gonzales,0,0
Curt Schilling,Mark Gonzales,0,0
Mike Piazza,Mark Gonzales,1,1
Lee Smith,Mark Gonzales,0,0
Barry Bonds,Mark Gonzales,0,0
Jeff Kent,Mark Gonzales,1,1
Edgar Martinez,Mark Gonzales,1,1
Jeff Bagwell,Mark Gonzales,1,1
Mark McGwire,Mark Gonzales,0,0
Tim Raines,Mark Gonzales,1,1
Nomar Garciaparra,Mark Gonzales,0,0
Mike Mussina,Mark Gonzales,0,0
Gary Sheffield,Mark Gonzales,0,0
Fred McGriff,Mark Gonzales,0,0
Alan Trammell,Mark Gonzales,0,0
Sammy Sosa,Mark Gonzales,0,0
Larry Walker,Mark Hale,0,0
Roger Clemens,Mark Hale,1,1
Curt Schilling,Mark Hale,1,1
Mike Piazza,Mark Hale,1,1
Lee Smith,Mark Hale,0,0
Barry Bonds,Mark Hale,1,1
Jeff Kent,Mark Hale,0,0
Edgar Martinez,Mark Hale,0,1
Jeff Bagwell,Mark Hale,1,1
Mark McGwire,Mark Hale,0,1
Tim Raines,Mark Hale,0,0
Nomar Garciaparra,Mark Hale,0,0
Mike Mussina,Mark Hale,1,1
Gary Sheffield,Mark Hale,0,0
Fred McGriff,Mark Hale,0,0
Alan Trammell,Mark Hale,0,0
Sammy Sosa,Mark Hale,0,0
Larry Walker,Mark Herrmann,0,0
Roger Clemens,Mark Herrmann,0,0
Curt Schilling,Mark Herrmann,0,0
Mike Piazza,Mark Herrmann,1,1
Lee Smith,Mark Herrmann,0,0
Barry Bonds,Mark Herrmann,0,0
Jeff Kent,Mark Herrmann,0,0
Edgar Martinez,Mark Herrmann,0,0
Jeff Bagwell,Mark Herrmann,0,0
Mark McGwire,Mark Herrmann,0,0
Tim Raines,Mark Herrmann,0,0
Nomar Garciaparra,Mark Herrmann,0,0
Mike Mussina,Mark Herrmann,0,0
Gary Sheffield,Mark Herrmann,0,0
Fred McGriff,Mark Herrmann,0,0
Alan Trammell,Mark Herrmann,0,0
Sammy Sosa,Mark Herrmann,0,0
Larry Walker,Mark Kreidler,0,0
Roger Clemens,Mark Kreidler,0,0
Curt Schilling,Mark Kreidler,0,0
Mike Piazza,Mark Kreidler,0,0
Lee Smith,Mark Kreidler,0,0
Barry Bonds,Mark Kreidler,0,0
Jeff Kent,Mark Kreidler,0,0
Edgar Martinez,Mark Kreidler,0,0
Jeff Bagwell,Mark Kreidler,0,0
Mark McGwire,Mark Kreidler,0,0
Tim Raines,Mark Kreidler,0,1
Nomar Garciaparra,Mark Kreidler,0,0
Mike Mussina,Mark Kreidler,0,0
Gary Sheffield,Mark Kreidler,0,0
Fred McGriff,Mark Kreidler,0,0
Alan Trammell,Mark Kreidler,0,0
Sammy Sosa,Mark Kreidler,0,0
Larry Walker,Mark Newman,0,0
Roger Clemens,Mark Newman,1,1
Curt Schilling,Mark Newman,0,0
Mike Piazza,Mark Newman,1,1
Lee Smith,Mark Newman,0,0
Barry Bonds,Mark Newman,1,1
Jeff Kent,Mark Newman,0,0
Edgar Martinez,Mark Newman,0,0
Jeff Bagwell,Mark Newman,0,0
Mark McGwire,Mark Newman,0,0
Tim Raines,Mark Newman,0,0
Nomar Garciaparra,Mark Newman,0,0
Mike Mussina,Mark Newman,0,0
Gary Sheffield,Mark Newman,0,0
Fred McGriff,Mark Newman,0,0
Alan Trammell,Mark Newman,0,0
Sammy Sosa,Mark Newman,0,0
Larry Walker,Marty Noble,0,0
Roger Clemens,Marty Noble,0,0
Curt Schilling,Marty Noble,0,0
Mike Piazza,Marty Noble,0,0
Lee Smith,Marty Noble,0,0
Barry Bonds,Marty Noble,0,0
Jeff Kent,Marty Noble,0,1
Edgar Martinez,Marty Noble,0,0
Jeff Bagwell,Marty Noble,0,0
Mark McGwire,Marty Noble,0,0
Tim Raines,Marty Noble,0,0
Nomar Garciaparra,Marty Noble,0,0
Mike Mussina,Marty Noble,0,0
Gary Sheffield,Marty Noble,0,0
Fred McGriff,Marty Noble,0,0
Alan Trammell,Marty Noble,0,0
Sammy Sosa,Marty Noble,0,0
Larry Walker,Mel Antonen,0,0
Roger Clemens,Mel Antonen,0,0
Curt Schilling,Mel Antonen,0,0
Mike Piazza,Mel Antonen,1,1
Lee Smith,Mel Antonen,0,1
Barry Bonds,Mel Antonen,0,0
Jeff Kent,Mel Antonen,0,0
Edgar Martinez,Mel Antonen,1,1
Jeff Bagwell,Mel Antonen,1,1
Mark McGwire,Mel Antonen,0,0
Tim Raines,Mel Antonen,1,1
Nomar Garciaparra,Mel Antonen,0,0
Mike Mussina,Mel Antonen,1,1
Gary Sheffield,Mel Antonen,0,0
Fred McGriff,Mel Antonen,0,1
Alan Trammell,Mel Antonen,1,1
Sammy Sosa,Mel Antonen,0,0
Larry Walker,Michael Silverman,0,0
Roger Clemens,Michael Silverman,1,1
Curt Schilling,Michael Silverman,1,1
Mike Piazza,Michael Silverman,1,1
Lee Smith,Michael Silverman,0,0
Barry Bonds,Michael Silverman,1,1
Jeff Kent,Michael Silverman,0,0
Edgar Martinez,Michael Silverman,0,1
Jeff Bagwell,Michael Silverman,1,1
Mark McGwire,Michael Silverman,0,1
Tim Raines,Michael Silverman,1,1
Nomar Garciaparra,Michael Silverman,0,0
Mike Mussina,Michael Silverman,1,1
Gary Sheffield,Michael Silverman,0,0
Fred McGriff,Michael Silverman,0,0
Alan Trammell,Michael Silverman,0,0
Sammy Sosa,Michael Silverman,0,0
Larry Walker,Mike Bass,0,0
Roger Clemens,Mike Bass,0,0
Curt Schilling,Mike Bass,1,1
Mike Piazza,Mike Bass,1,1
Lee Smith,Mike Bass,0,0
Barry Bonds,Mike Bass,0,0
Jeff Kent,Mike Bass,1,1
Edgar Martinez,Mike Bass,1,1
Jeff Bagwell,Mike Bass,1,1
Mark McGwire,Mike Bass,0,0
Tim Raines,Mike Bass,0,0
Nomar Garciaparra,Mike Bass,0,0
Mike Mussina,Mike Bass,1,1
Gary Sheffield,Mike Bass,0,0
Fred McGriff,Mike Bass,0,0
Alan Trammell,Mike Bass,0,0
Sammy Sosa,Mike Bass,0,0
Larry Walker,Mike Bauman,0,0
Roger Clemens,Mike Bauman,0,0
Curt Schilling,Mike Bauman,0,0
Mike Piazza,Mike Bauman,1,1
Lee Smith,Mike Bauman,1,1
Barry Bonds,Mike Bauman,0,0
Jeff Kent,Mike Bauman,0,0
Edgar Martinez,Mike Bauman,0,0
Jeff Bagwell,Mike Bauman,1,1
Mark McGwire,Mike Bauman,0,0
Tim Raines,Mike Bauman,0,0
Nomar Garciaparra,Mike Bauman,0,0
Mike Mussina,Mike Bauman,0,0
Gary Sheffield,Mike Bauman,0,0
Fred McGriff,Mike Bauman,0,0
Alan Trammell,Mike Bauman,0,0
Sammy Sosa,Mike Bauman,0,0
Larry Walker,Mike Berardino,1,1
Roger Clemens,Mike Berardino,0,0
Curt Schilling,Mike Berardino,1,1
Mike Piazza,Mike Berardino,1,1
Lee Smith,Mike Berardino,0,0
Barry Bonds,Mike Berardino,0,0
Jeff Kent,Mike Berardino,0,0
Edgar Martinez,Mike Berardino,1,1
Jeff Bagwell,Mike Berardino,1,1
Mark McGwire,Mike Berardino,0,0
Tim Raines,Mike Berardino,1,1
Nomar Garciaparra,Mike Berardino,0,0
Mike Mussina,Mike Berardino,1,1
Gary Sheffield,Mike Berardino,0,0
Fred McGriff,Mike Berardino,0,0
Alan Trammell,Mike Berardino,1,1
Sammy Sosa,Mike Berardino,0,0
Larry Walker,Mike Imrem,0,0
Roger Clemens,Mike Imrem,1,1
Curt Schilling,Mike Imrem,1,1
Mike Piazza,Mike Imrem,1,1
Lee Smith,Mike Imrem,0,0
Barry Bonds,Mike Imrem,1,1
Jeff Kent,Mike Imrem,0,0
Edgar Martinez,Mike Imrem,0,0
Jeff Bagwell,Mike Imrem,1,1
Mark McGwire,Mike Imrem,1,1
Tim Raines,Mike Imrem,0,1
Nomar Garciaparra,Mike Imrem,0,0
Mike Mussina,Mike Imrem,0,0
Gary Sheffield,Mike Imrem,0,0
Fred McGriff,Mike Imrem,0,0
Alan Trammell,Mike Imrem,0,0
Sammy Sosa,Mike Imrem,1,1
Larry Walker,Mike Nadel,0,0
Roger Clemens,Mike Nadel,0,0
Curt Schilling,Mike Nadel,1,1
Mike Piazza,Mike Nadel,1,1
Lee Smith,Mike Nadel,0,0
Barry Bonds,Mike Nadel,0,0
Jeff Kent,Mike Nadel,0,0
Edgar Martinez,Mike Nadel,0,0
Jeff Bagwell,Mike Nadel,1,1
Mark McGwire,Mike Nadel,0,0
Tim Raines,Mike Nadel,1,1
Nomar Garciaparra,Mike Nadel,0,0
Mike Mussina,Mike Nadel,1,1
Gary Sheffield,Mike Nadel,0,0
Fred McGriff,Mike Nadel,0,0
Alan Trammell,Mike Nadel,1,1
Sammy Sosa,Mike Nadel,0,0
Larry Walker,Mike Shalin,0,0
Roger Clemens,Mike Shalin,1,1
Curt Schilling,Mike Shalin,1,1
Mike Piazza,Mike Shalin,1,1
Lee Smith,Mike Shalin,0,1
Barry Bonds,Mike Shalin,1,1
Jeff Kent,Mike Shalin,0,0
Edgar Martinez,Mike Shalin,1,1
Jeff Bagwell,Mike Shalin,0,1
Mark McGwire,Mike Shalin,0,0
Tim Raines,Mike Shalin,1,1
Nomar Garciaparra,Mike Shalin,0,0
Mike Mussina,Mike Shalin,0,0
Gary Sheffield,Mike Shalin,0,0
Fred McGriff,Mike Shalin,0,0
Alan Trammell,Mike Shalin,0,0
Sammy Sosa,Mike Shalin,0,0
Larry Walker,Mike Vaccaro,0,0
Roger Clemens,Mike Vaccaro,1,1
Curt Schilling,Mike Vaccaro,1,1
Mike Piazza,Mike Vaccaro,1,1
Lee Smith,Mike Vaccaro,0,0
Barry Bonds,Mike Vaccaro,1,1
Jeff Kent,Mike Vaccaro,0,0
Edgar Martinez,Mike Vaccaro,0,1
Jeff Bagwell,Mike Vaccaro,1,1
Mark McGwire,Mike Vaccaro,0,0
Tim Raines,Mike Vaccaro,1,1
Nomar Garciaparra,Mike Vaccaro,0,0
Mike Mussina,Mike Vaccaro,0,1
Gary Sheffield,Mike Vaccaro,0,0
Fred McGriff,Mike Vaccaro,0,0
Alan Trammell,Mike Vaccaro,0,0
Sammy Sosa,Mike Vaccaro,0,0
Larry Walker,Nick Cafardo,0,0
Roger Clemens,Nick Cafardo,1,1
Curt Schilling,Nick Cafardo,0,1
Mike Piazza,Nick Cafardo,1,1
Lee Smith,Nick Cafardo,0,0
Barry Bonds,Nick Cafardo,1,1
Jeff Kent,Nick Cafardo,1,1
Edgar Martinez,Nick Cafardo,0,0
Jeff Bagwell,Nick Cafardo,1,1
Mark McGwire,Nick Cafardo,0,0
Tim Raines,Nick Cafardo,0,0
Nomar Garciaparra,Nick Cafardo,0,0
Mike Mussina,Nick Cafardo,0,1
Gary Sheffield,Nick Cafardo,0,1
Fred McGriff,Nick Cafardo,0,0
Alan Trammell,Nick Cafardo,1,0
Sammy Sosa,Nick Cafardo,0,0
Larry Walker,Pat Caputo,0,0
Roger Clemens,Pat Caputo,0,0
Curt Schilling,Pat Caputo,1,1
Mike Piazza,Pat Caputo,0,1
Lee Smith,Pat Caputo,1,0
Barry Bonds,Pat Caputo,0,0
Jeff Kent,Pat Caputo,0,1
Edgar Martinez,Pat Caputo,0,0
Jeff Bagwell,Pat Caputo,0,1
Mark McGwire,Pat Caputo,0,1
Tim Raines,Pat Caputo,1,1
Nomar Garciaparra,Pat Caputo,0,0
Mike Mussina,Pat Caputo,1,1
Gary Sheffield,Pat Caputo,0,0
Fred McGriff,Pat Caputo,1,0
Alan Trammell,Pat Caputo,1,1
Sammy Sosa,Pat Caputo,0,0
Larry Walker,Paul Daugherty,0,0
Roger Clemens,Paul Daugherty,0,0
Curt Schilling,Paul Daugherty,1,0
Mike Piazza,Paul Daugherty,1,1
Lee Smith,Paul Daugherty,0,0
Barry Bonds,Paul Daugherty,0,0
Jeff Kent,Paul Daugherty,0,0
Edgar Martinez,Paul Daugherty,0,0
Jeff Bagwell,Paul Daugherty,1,1
Mark McGwire,Paul Daugherty,0,0
Tim Raines,Paul Daugherty,1,1
Nomar Garciaparra,Paul Daugherty,0,0
Mike Mussina,Paul Daugherty,1,1
Gary Sheffield,Paul Daugherty,0,0
Fred McGriff,Paul Daugherty,0,0
Alan Trammell,Paul Daugherty,0,0
Sammy Sosa,Paul Daugherty,0,0
Larry Walker,Paul Doyle,0,0
Roger Clemens,Paul Doyle,1,1
Curt Schilling,Paul Doyle,1,1
Mike Piazza,Paul Doyle,1,1
Lee Smith,Paul Doyle,0,0
Barry Bonds,Paul Doyle,1,1
Jeff Kent,Paul Doyle,0,0
Edgar Martinez,Paul Doyle,0,1
Jeff Bagwell,Paul Doyle,1,1
Mark McGwire,Paul Doyle,0,0
Tim Raines,Paul Doyle,1,1
Nomar Garciaparra,Paul Doyle,0,0
Mike Mussina,Paul Doyle,0,1
Gary Sheffield,Paul Doyle,0,0
Fred McGriff,Paul Doyle,0,0
Alan Trammell,Paul Doyle,0,1
Sammy Sosa,Paul Doyle,0,0
Larry Walker,Paul Sullivan,0,0
Roger Clemens,Paul Sullivan,0,0
Curt Schilling,Paul Sullivan,0,0
Mike Piazza,Paul Sullivan,0,0
Lee Smith,Paul Sullivan,1,1
Barry Bonds,Paul Sullivan,0,0
Jeff Kent,Paul Sullivan,0,0
Edgar Martinez,Paul Sullivan,0,0
Jeff Bagwell,Paul Sullivan,0,0
Mark McGwire,Paul Sullivan,0,0
Tim Raines,Paul Sullivan,1,1
Nomar Garciaparra,Paul Sullivan,0,0
Mike Mussina,Paul Sullivan,0,0
Gary Sheffield,Paul Sullivan,0,0
Fred McGriff,Paul Sullivan,0,0
Alan Trammell,Paul Sullivan,0,0
Sammy Sosa,Paul Sullivan,0,0
Larry Walker,Peter Abraham,0,0
Roger Clemens,Peter Abraham,1,1
Curt Schilling,Peter Abraham,1,1
Mike Piazza,Peter Abraham,1,1
Lee Smith,Peter Abraham,0,0
Barry Bonds,Peter Abraham,1,1
Jeff Kent,Peter Abraham,0,0
Edgar Martinez,Peter Abraham,0,1
Jeff Bagwell,Peter Abraham,1,1
Mark McGwire,Peter Abraham,0,0
Tim Raines,Peter Abraham,1,1
Nomar Garciaparra,Peter Abraham,0,0
Mike Mussina,Peter Abraham,1,1
Gary Sheffield,Peter Abraham,0,0
Fred McGriff,Peter Abraham,0,0
Alan Trammell,Peter Abraham,0,0
Sammy Sosa,Peter Abraham,0,0
Larry Walker,Peter Botte,0,0
Roger Clemens,Peter Botte,0,0
Curt Schilling,Peter Botte,1,1
Mike Piazza,Peter Botte,1,1
Lee Smith,Peter Botte,0,0
Barry Bonds,Peter Botte,0,0
Jeff Kent,Peter Botte,1,1
Edgar Martinez,Peter Botte,1,1
Jeff Bagwell,Peter Botte,1,1
Mark McGwire,Peter Botte,0,0
Tim Raines,Peter Botte,1,1
Nomar Garciaparra,Peter Botte,0,0
Mike Mussina,Peter Botte,0,0
Gary Sheffield,Peter Botte,0,0
Fred McGriff,Peter Botte,1,1
Alan Trammell,Peter Botte,0,0
Sammy Sosa,Peter Botte,0,0
Larry Walker,Phil Rogers,0,1
Roger Clemens,Phil Rogers,0,0
Curt Schilling,Phil Rogers,1,1
Mike Piazza,Phil Rogers,1,1
Lee Smith,Phil Rogers,0,0
Barry Bonds,Phil Rogers,0,0
Jeff Kent,Phil Rogers,0,0
Edgar Martinez,Phil Rogers,0,0
Jeff Bagwell,Phil Rogers,1,1
Mark McGwire,Phil Rogers,0,0
Tim Raines,Phil Rogers,1,1
Nomar Garciaparra,Phil Rogers,0,0
Mike Mussina,Phil Rogers,1,1
Gary Sheffield,Phil Rogers,0,0
Fred McGriff,Phil Rogers,0,0
Alan Trammell,Phil Rogers,1,1
Sammy Sosa,Phil Rogers,0,0
Larry Walker,Randy Miller,0,0
Roger Clemens,Randy Miller,0,0
Curt Schilling,Randy Miller,1,0
Mike Piazza,Randy Miller,1,1
Lee Smith,Randy Miller,0,0
Barry Bonds,Randy Miller,0,0
Jeff Kent,Randy Miller,0,0
Edgar Martinez,Randy Miller,0,0
Jeff Bagwell,Randy Miller,1,1
Mark McGwire,Randy Miller,0,0
Tim Raines,Randy Miller,0,0
Nomar Garciaparra,Randy Miller,0,0
Mike Mussina,Randy Miller,0,0
Gary Sheffield,Randy Miller,0,0
Fred McGriff,Randy Miller,1,1
Alan Trammell,Randy Miller,0,0
Sammy Sosa,Randy Miller,0,0
Larry Walker,Richard Justice,0,0
Roger Clemens,Richard Justice,1,0
Curt Schilling,Richard Justice,1,1
Mike Piazza,Richard Justice,0,1
Lee Smith,Richard Justice,0,0
Barry Bonds,Richard Justice,1,0
Jeff Kent,Richard Justice,0,0
Edgar Martinez,Richard Justice,0,1
Jeff Bagwell,Richard Justice,1,1
Mark McGwire,Richard Justice,0,0
Tim Raines,Richard Justice,0,1
Nomar Garciaparra,Richard Justice,0,0
Mike Mussina,Richard Justice,1,1
Gary Sheffield,Richard Justice,0,0
Fred McGriff,Richard Justice,0,0
Alan Trammell,Richard Justice,1,1
Sammy Sosa,Richard Justice,0,0
Larry Walker,Rick Plumlee,0,1
Roger Clemens,Rick Plumlee,0,1
Curt Schilling,Rick Plumlee,1,1
Mike Piazza,Rick Plumlee,0,1
Lee Smith,Rick Plumlee,1,0
Barry Bonds,Rick Plumlee,0,1
Jeff Kent,Rick Plumlee,0,0
Edgar Martinez,Rick Plumlee,0,0
Jeff Bagwell,Rick Plumlee,1,1
Mark McGwire,Rick Plumlee,0,0
Tim Raines,Rick Plumlee,1,1
Nomar Garciaparra,Rick Plumlee,0,0
Mike Mussina,Rick Plumlee,0,1
Gary Sheffield,Rick Plumlee,0,0
Fred McGriff,Rick Plumlee,0,0
Alan Trammell,Rick Plumlee,1,1
Sammy Sosa,Rick Plumlee,0,0
Larry Walker,Rob Maaddi,0,0
Roger Clemens,Rob Maaddi,1,1
Curt Schilling,Rob Maaddi,0,1
Mike Piazza,Rob Maaddi,1,1
Lee Smith,Rob Maaddi,0,0
Barry Bonds,Rob Maaddi,1,1
Jeff Kent,Rob Maaddi,0,0
Edgar Martinez,Rob Maaddi,0,0
Jeff Bagwell,Rob Maaddi,0,1
Mark McGwire,Rob Maaddi,1,1
Tim Raines,Rob Maaddi,1,0
Nomar Garciaparra,Rob Maaddi,0,0
Mike Mussina,Rob Maaddi,0,0
Gary Sheffield,Rob Maaddi,0,1
Fred McGriff,Rob Maaddi,0,0
Alan Trammell,Rob Maaddi,0,0
Sammy Sosa,Rob Maaddi,1,1
Larry Walker,Rob Parker,0,0
Roger Clemens,Rob Parker,1,1
Curt Schilling,Rob Parker,0,0
Mike Piazza,Rob Parker,0,0
Lee Smith,Rob Parker,1,1
Barry Bonds,Rob Parker,1,1
Jeff Kent,Rob Parker,0,0
Edgar Martinez,Rob Parker,0,0
Jeff Bagwell,Rob Parker,0,0
Mark McGwire,Rob Parker,1,1
Tim Raines,Rob Parker,0,0
Nomar Garciaparra,Rob Parker,0,0
Mike Mussina,Rob Parker,0,0
Gary Sheffield,Rob Parker,1,1
Fred McGriff,Rob Parker,0,0
Alan Trammell,Rob Parker,0,0
Sammy Sosa,Rob Parker,1,1
Larry Walker,Roger Rubin,0,0
Roger Clemens,Roger Rubin,0,0
Curt Schilling,Roger Rubin,1,1
Mike Piazza,Roger Rubin,1,1
Lee Smith,Roger Rubin,0,0
Barry Bonds,Roger Rubin,0,0
Jeff Kent,Roger Rubin,0,0
Edgar Martinez,Roger Rubin,1,1
Jeff Bagwell,Roger Rubin,1,1
Mark McGwire,Roger Rubin,0,0
Tim Raines,Roger Rubin,0,0
Nomar Garciaparra,Roger Rubin,0,0
Mike Mussina,Roger Rubin,0,0
Gary Sheffield,Roger Rubin,0,0
Fred McGriff,Roger Rubin,0,0
Alan Trammell,Roger Rubin,0,0
Sammy Sosa,Roger Rubin,0,0
Larry Walker,Ron Chimelis,0,0
Roger Clemens,Ron Chimelis,0,0
Curt Schilling,Ron Chimelis,0,1
Mike Piazza,Ron Chimelis,1,1
Lee Smith,Ron Chimelis,0,0
Barry Bonds,Ron Chimelis,0,0
Jeff Kent,Ron Chimelis,1,1
Edgar Martinez,Ron Chimelis,0,1
Jeff Bagwell,Ron Chimelis,1,1
Mark McGwire,Ron Chimelis,0,0
Tim Raines,Ron Chimelis,1,1
Nomar Garciaparra,Ron Chimelis,0,0
Mike Mussina,Ron Chimelis,1,1
Gary Sheffield,Ron Chimelis,0,0
Fred McGriff,Ron Chimelis,1,1
Alan Trammell,Ron Chimelis,0,0
Sammy Sosa,Ron Chimelis,0,0
Larry Walker,Ross Newhan,0,0
Roger Clemens,Ross Newhan,0,0
Curt Schilling,Ross Newhan,1,1
Mike Piazza,Ross Newhan,1,1
Lee Smith,Ross Newhan,0,0
Barry Bonds,Ross Newhan,0,0
Jeff Kent,Ross Newhan,1,1
Edgar Martinez,Ross Newhan,0,1
Jeff Bagwell,Ross Newhan,1,1
Mark McGwire,Ross Newhan,0,0
Tim Raines,Ross Newhan,1,1
Nomar Garciaparra,Ross Newhan,0,0
Mike Mussina,Ross Newhan,1,1
Gary Sheffield,Ross Newhan,0,0
Fred McGriff,Ross Newhan,0,0
Alan Trammell,Ross Newhan,0,1
Sammy Sosa,Ross Newhan,0,0
Larry Walker,Sam Carchidi,0,0
Roger Clemens,Sam Carchidi,0,0
Curt Schilling,Sam Carchidi,1,1
Mike Piazza,Sam Carchidi,1,1
Lee Smith,Sam Carchidi,1,1
Barry Bonds,Sam Carchidi,0,0
Jeff Kent,Sam Carchidi,0,0
Edgar Martinez,Sam Carchidi,0,0
Jeff Bagwell,Sam Carchidi,1,1
Mark McGwire,Sam Carchidi,0,0
Tim Raines,Sam Carchidi,0,1
Nomar Garciaparra,Sam Carchidi,0,0
Mike Mussina,Sam Carchidi,0,0
Gary Sheffield,Sam Carchidi,0,0
Fred McGriff,Sam Carchidi,1,1
Alan Trammell,Sam Carchidi,0,0
Sammy Sosa,Sam Carchidi,0,0
Larry Walker,Scott Priestle,0,0
Roger Clemens,Scott Priestle,0,1
Curt Schilling,Scott Priestle,1,1
Mike Piazza,Scott Priestle,1,1
Lee Smith,Scott Priestle,0,0
Barry Bonds,Scott Priestle,0,1
Jeff Kent,Scott Priestle,0,0
Edgar Martinez,Scott Priestle,1,1
Jeff Bagwell,Scott Priestle,1,1
Mark McGwire,Scott Priestle,0,1
Tim Raines,Scott Priestle,1,1
Nomar Garciaparra,Scott Priestle,0,0
Mike Mussina,Scott Priestle,1,1
Gary Sheffield,Scott Priestle,0,0
Fred McGriff,Scott Priestle,0,0
Alan Trammell,Scott Priestle,0,0
Sammy Sosa,Scott Priestle,0,0
Larry Walker,Stephen Jacobson,0,0
Roger Clemens,Stephen Jacobson,0,0
Curt Schilling,Stephen Jacobson,0,0
Mike Piazza,Stephen Jacobson,1,1
Lee Smith,Stephen Jacobson,0,0
Barry Bonds,Stephen Jacobson,0,0
Jeff Kent,Stephen Jacobson,0,0
Edgar Martinez,Stephen Jacobson,1,1
Jeff Bagwell,Stephen Jacobson,0,0
Mark McGwire,Stephen Jacobson,0,0
Tim Raines,Stephen Jacobson,1,1
Nomar Garciaparra,Stephen Jacobson,0,0
Mike Mussina,Stephen Jacobson,0,0
Gary Sheffield,Stephen Jacobson,0,0
Fred McGriff,Stephen Jacobson,0,0
Alan Trammell,Stephen Jacobson,0,1
Sammy Sosa,Stephen Jacobson,0,0
Larry Walker,Steve Buckley,0,0
Roger Clemens,Steve Buckley,0,0
Curt Schilling,Steve Buckley,1,1
Mike Piazza,Steve Buckley,1,1
Lee Smith,Steve Buckley,0,0
Barry Bonds,Steve Buckley,0,0
Jeff Kent,Steve Buckley,0,1
Edgar Martinez,Steve Buckley,1,1
Jeff Bagwell,Steve Buckley,1,1
Mark McGwire,Steve Buckley,0,0
Tim Raines,Steve Buckley,1,1
Nomar Garciaparra,Steve Buckley,0,0
Mike Mussina,Steve Buckley,1,1
Gary Sheffield,Steve Buckley,0,0
Fred McGriff,Steve Buckley,0,1
Alan Trammell,Steve Buckley,0,1
Sammy Sosa,Steve Buckley,0,0
Larry Walker,Steve Simmons,0,1
Roger Clemens,Steve Simmons,0,0
Curt Schilling,Steve Simmons,1,0
Mike Piazza,Steve Simmons,1,1
Lee Smith,Steve Simmons,0,1
Barry Bonds,Steve Simmons,0,0
Jeff Kent,Steve Simmons,1,0
Edgar Martinez,Steve Simmons,0,1
Jeff Bagwell,Steve Simmons,1,1
Mark McGwire,Steve Simmons,0,0
Tim Raines,Steve Simmons,1,1
Nomar Garciaparra,Steve Simmons,0,0
Mike Mussina,Steve Simmons,1,0
Gary Sheffield,Steve Simmons,0,1
Fred McGriff,Steve Simmons,0,0
Alan Trammell,Steve Simmons,0,0
Sammy Sosa,Steve Simmons,0,0
Larry Walker,Steven Gietschier,0,0
Roger Clemens,Steven Gietschier,0,0
Curt Schilling,Steven Gietschier,0,0
Mike Piazza,Steven Gietschier,1,1
Lee Smith,Steven Gietschier,0,0
Barry Bonds,Steven Gietschier,0,0
Jeff Kent,Steven Gietschier,1,1
Edgar Martinez,Steven Gietschier,1,1
Jeff Bagwell,Steven Gietschier,1,1
Mark McGwire,Steven Gietschier,0,0
Tim Raines,Steven Gietschier,0,0
Nomar Garciaparra,Steven Gietschier,0,0
Mike Mussina,Steven Gietschier,1,1
Gary Sheffield,Steven Gietschier,0,0
Fred McGriff,Steven Gietschier,1,1
Alan Trammell,Steven Gietschier,0,0
Sammy Sosa,Steven Gietschier,0,0
Larry Walker,Steven Goldman,0,0
Roger Clemens,Steven Goldman,0,0
Curt Schilling,Steven Goldman,0,1
Mike Piazza,Steven Goldman,1,1
Lee Smith,Steven Goldman,1,1
Barry Bonds,Steven Goldman,0,0
Jeff Kent,Steven Goldman,1,1
Edgar Martinez,Steven Goldman,0,0
Jeff Bagwell,Steven Goldman,1,1
Mark McGwire,Steven Goldman,0,0
Tim Raines,Steven Goldman,1,1
Nomar Garciaparra,Steven Goldman,0,0
Mike Mussina,Steven Goldman,0,1
Gary Sheffield,Steven Goldman,0,0
Fred McGriff,Steven Goldman,0,0
Alan Trammell,Steven Goldman,1,1
Sammy Sosa,Steven Goldman,0,0
Larry Walker,Steven Marcus,0,0
Roger Clemens,Steven Marcus,0,0
Curt Schilling,Steven Marcus,0,0
Mike Piazza,Steven Marcus,0,0
Lee Smith,Steven Marcus,0,0
Barry Bonds,Steven Marcus,0,0
Jeff Kent,Steven Marcus,0,0
Edgar Martinez,Steven Marcus,0,0
Jeff Bagwell,Steven Marcus,0,0
Mark McGwire,Steven Marcus,0,0
Tim Raines,Steven Marcus,0,0
Nomar Garciaparra,Steven Marcus,0,0
Mike Mussina,Steven Marcus,0,0
Gary Sheffield,Steven Marcus,0,0
Fred McGriff,Steven Marcus,0,0
Alan Trammell,Steven Marcus,0,0
Sammy Sosa,Steven Marcus,0,0
Larry Walker,TR Sullivan,0,0
Roger Clemens,TR Sullivan,1,1
Curt Schilling,TR Sullivan,1,0
Mike Piazza,TR Sullivan,1,1
Lee Smith,TR Sullivan,0,0
Barry Bonds,TR Sullivan,1,1
Jeff Kent,TR Sullivan,0,0
Edgar Martinez,TR Sullivan,0,0
Jeff Bagwell,TR Sullivan,1,1
Mark McGwire,TR Sullivan,0,0
Tim Raines,TR Sullivan,1,1
Nomar Garciaparra,TR Sullivan,0,0
Mike Mussina,TR Sullivan,1,1
Gary Sheffield,TR Sullivan,0,1
Fred McGriff,TR Sullivan,0,1
Alan Trammell,TR Sullivan,0,1
Sammy Sosa,TR Sullivan,0,0
Larry Walker,Terence Moore,0,0
Roger Clemens,Terence Moore,0,0
Curt Schilling,Terence Moore,0,0
Mike Piazza,Terence Moore,0,1
Lee Smith,Terence Moore,1,1
Barry Bonds,Terence Moore,0,0
Jeff Kent,Terence Moore,0,0
Edgar Martinez,Terence Moore,0,0
Jeff Bagwell,Terence Moore,0,0
Mark McGwire,Terence Moore,0,0
Tim Raines,Terence Moore,1,1
Nomar Garciaparra,Terence Moore,0,0
Mike Mussina,Terence Moore,0,0
Gary Sheffield,Terence Moore,1,1
Fred McGriff,Terence Moore,1,1
Alan Trammell,Terence Moore,0,0
Sammy Sosa,Terence Moore,0,0
Larry Walker,Thom Loverro,0,0
Roger Clemens,Thom Loverro,0,0
Curt Schilling,Thom Loverro,0,1
Mike Piazza,Thom Loverro,1,1
Lee Smith,Thom Loverro,0,0
Barry Bonds,Thom Loverro,0,0
Jeff Kent,Thom Loverro,0,0
Edgar Martinez,Thom Loverro,0,1
Jeff Bagwell,Thom Loverro,1,1
Mark McGwire,Thom Loverro,0,0
Tim Raines,Thom Loverro,0,0
Nomar Garciaparra,Thom Loverro,0,0
Mike Mussina,Thom Loverro,1,1
Gary Sheffield,Thom Loverro,0,0
Fred McGriff,Thom Loverro,1,1
Alan Trammell,Thom Loverro,1,1
Sammy Sosa,Thom Loverro,0,0
Larry Walker,Tim Cowlishaw,0,1
Roger Clemens,Tim Cowlishaw,1,1
Curt Schilling,Tim Cowlishaw,0,1
Mike Piazza,Tim Cowlishaw,1,1
Lee Smith,Tim Cowlishaw,0,0
Barry Bonds,Tim Cowlishaw,1,1
Jeff Kent,Tim Cowlishaw,0,0
Edgar Martinez,Tim Cowlishaw,1,1
Jeff Bagwell,Tim Cowlishaw,1,1
Mark McGwire,Tim Cowlishaw,0,0
Tim Raines,Tim Cowlishaw,1,1
Nomar Garciaparra,Tim Cowlishaw,0,0
Mike Mussina,Tim Cowlishaw,0,1
Gary Sheffield,Tim Cowlishaw,0,0
Fred McGriff,Tim Cowlishaw,0,0
Alan Trammell,Tim Cowlishaw,0,0
Sammy Sosa,Tim Cowlishaw,0,0
Larry Walker,Tim Kawakami,0,0
Roger Clemens,Tim Kawakami,1,1
Curt Schilling,Tim Kawakami,1,1
Mike Piazza,Tim Kawakami,1,1
Lee Smith,Tim Kawakami,0,0
Barry Bonds,Tim Kawakami,1,1
Jeff Kent,Tim Kawakami,0,0
Edgar Martinez,Tim Kawakami,0,0
Jeff Bagwell,Tim Kawakami,1,1
Mark McGwire,Tim Kawakami,0,0
Tim Raines,Tim Kawakami,1,1
Nomar Garciaparra,Tim Kawakami,0,0
Mike Mussina,Tim Kawakami,0,1
Gary Sheffield,Tim Kawakami,0,0
Fred McGriff,Tim Kawakami,0,0
Alan Trammell,Tim Kawakami,0,1
Sammy Sosa,Tim Kawakami,0,0
Larry Walker,Tom DAngelo,0,0
Roger Clemens,Tom DAngelo,0,0
Curt Schilling,Tom DAngelo,1,1
Mike Piazza,Tom DAngelo,1,1
Lee Smith,Tom DAngelo,0,0
Barry Bonds,Tom DAngelo,0,0
Jeff Kent,Tom DAngelo,0,0
Edgar Martinez,Tom DAngelo,0,0
Jeff Bagwell,Tom DAngelo,0,1
Mark McGwire,Tom DAngelo,0,0
Tim Raines,Tom DAngelo,1,1
Nomar Garciaparra,Tom DAngelo,0,0
Mike Mussina,Tom DAngelo,1,1
Gary Sheffield,Tom DAngelo,0,0
Fred McGriff,Tom DAngelo,0,0
Alan Trammell,Tom DAngelo,0,1
Sammy Sosa,Tom DAngelo,0,0
Larry Walker,Tom Singer,0,0
Roger Clemens,Tom Singer,1,1
Curt Schilling,Tom Singer,0,0
Mike Piazza,Tom Singer,1,1
Lee Smith,Tom Singer,1,1
Barry Bonds,Tom Singer,1,1
Jeff Kent,Tom Singer,1,1
Edgar Martinez,Tom Singer,1,1
Jeff Bagwell,Tom Singer,1,1
Mark McGwire,Tom Singer,0,0
Tim Raines,Tom Singer,0,0
Nomar Garciaparra,Tom Singer,0,0
Mike Mussina,Tom Singer,0,0
Gary Sheffield,Tom Singer,0,1
Fred McGriff,Tom Singer,0,0
Alan Trammell,Tom Singer,0,0
Sammy Sosa,Tom Singer,0,0
Larry Walker,Tom Yantz,0,0
Roger Clemens,Tom Yantz,0,0
Curt Schilling,Tom Yantz,1,1
Mike Piazza,Tom Yantz,1,1
Lee Smith,Tom Yantz,0,0
Barry Bonds,Tom Yantz,0,0
Jeff Kent,Tom Yantz,0,0
Edgar Martinez,Tom Yantz,0,0
Jeff Bagwell,Tom Yantz,1,1
Mark McGwire,Tom Yantz,0,0
Tim Raines,Tom Yantz,1,0
Nomar Garciaparra,Tom Yantz,0,0
Mike Mussina,Tom Yantz,0,1
Gary Sheffield,Tom Yantz,0,0
Fred McGriff,Tom Yantz,0,0
Alan Trammell,Tom Yantz,0,0
Sammy Sosa,Tom Yantz,0,0
Larry Walker,Tracy Ringolsby,0,1
Roger Clemens,Tracy Ringolsby,1,1
Curt Schilling,Tracy Ringolsby,0,0
Mike Piazza,Tracy Ringolsby,1,1
Lee Smith,Tracy Ringolsby,0,1
Barry Bonds,Tracy Ringolsby,1,1
Jeff Kent,Tracy Ringolsby,0,0
Edgar Martinez,Tracy Ringolsby,0,0
Jeff Bagwell,Tracy Ringolsby,1,1
Mark McGwire,Tracy Ringolsby,0,0
Tim Raines,Tracy Ringolsby,1,1
Nomar Garciaparra,Tracy Ringolsby,0,0
Mike Mussina,Tracy Ringolsby,0,0
Gary Sheffield,Tracy Ringolsby,0,0
Fred McGriff,Tracy Ringolsby,0,0
Alan Trammell,Tracy Ringolsby,1,1
Sammy Sosa,Tracy Ringolsby,0,0
